0,1185,1045,1081,1140,1247,1165,981,1241,1062,1172,1239,1166,1117,1119,1085,1241,1214,1132,1065,1122,1152,1209,1031,1118,1063,1188,1076,983,1153,1145,1129,1179,1129,1091,1080,975,1204,1361,1157,958,1022,1108,1100,1128,1102,1115,1149,1133,1392,1154,1106,1145,1058,924,1083,1037,1069,1069,1145,1118,1062,1128,1148
915,0,937,894,920,910,927,898,856,892,907,932,885,916,942,916,972,872,951,952,895,901,931,877,917,900,913,945,967,916,975,901,911,910,973,884,939,870,955,932,970,881,884,904,866,928,948,926,929,918,942,877,926,959,914,931,933,890,911,943,912,925,919,929
3927,4042,0,3995,3941,3966,4092,3889,4241,3886,4026,4050,4183,3945,3833,4067,4081,3943,4083,3980,3868,3905,4002,3867,3941,3987,3996,3888,4008,3816,3997,4020,3947,4031,3939,4051,3896,3998,3823,3839,3864,3859,3994,3858,3813,3751,3865,4026,3991,4026,4141,3947,4007,3809,3823,3925,3940,3962,3941,3953,3905,3861,4072,3896
938,1257,1019,0,856,1041,825,1121,819,1172,954,1110,1045,848,1082,869,906,1041,999,1014,1193,839,964,1110,987,929,1116,1061,1135,978,1056,925,1023,925,998,942,936,992,897,919,882,819,1105,889,770,1081,1041,796,1177,993,908,914,1060,1049,1060,988,1199,921,1104,968,1035,896,867,1197
9670,9793,9777,9697,0,9719,9725,9627,10004,9673,9811,9983,9862,9770,9732,9754,9868,9969,9966,10009,9617,9818,9762,9658,9599,9638,9972,9628,9784,9756,9777,10028,9865,9803,9871,9991,9713,10035,9562,9892,9634,9745,9960,9948,9815,9800,9987,9733,10073,9876,10117,9830,9736,9658,9728,9987,9747,9947,9821,9992,9900,9659,9900,9969
1797,1676,1768,1728,1592,0,1776,1764,1629,1752,1683,1663,1655,1693,1678,1656,1596,1768,1663,1735,1782,1666,1703,1704,1714,1707,1715,1696,1689,1780,1640,1753,1617,1699,1668,1614,1716,1667,1733,1625,1729,1666,1712,1694,1707,1726,1712,1689,1608,1674,1578,1671,1674,1653,1783,1691,1565,1518,1713,1662,1683,1714,1619,1702
571,527,539,467,660,548,0,524,394,629,501,484,473,525,640,529,585,462,567,524,597,556,496,610,498,660,450,506,460,468,559,423,519,541,530,575,659,463,595,524,425,547,460,474,541,574,458,469,463,425,464,571,529,568,587,584,612,597,511,460,512,543,457,499
163,127,96,113,114,109,126,0,83,136,97,109,99,92,127,94,83,113,99,109,132,119,83,118,124,74,116,147,130,133,108,118,102,112,102,90,121,91,130,82,150,127,138,121,88,116,100,98,108,92,89,106,105,108,104,115,144,121,122,89,143,113,119,135
504,407,529,393,566,409,384,374,0,457,428,470,445,411,561,447,445,341,555,466,523,477,436,529,502,461,466,521,477,389,483,315,457,421,410,543,600,447,437,492,524,447,400,368,495,564,432,431,412,444,453,487,393,425,461,413,539,533,496,391,427,513,445,421
2777,2878,2976,2810,3367,2819,3106,2638,2862,0,2840,3166,3004,3122,3264,3202,2840,2952,3317,3221,3275,3167,2863,2460,3004,3244,2959,3083,2990,2892,2635,2859,2960,3094,3149,2793,2962,3128,3207,3204,3164,3192,3381,2978,3132,3004,3067,2648,3416,3296,3243,3261,3155,2995,3125,3014,2870,3297,3122,3211,3160,2886,2690,3065
2495,2330,2418,2361,2216,2271,2354,2371,2366,2396,0,2284,2270,2353,2495,2364,2287,2240,2239,2357,2297,2318,2358,2343,2269,2368,2320,2283,2233,2251,2380,2359,2369,2233,2303,2383,2338,2303,2319,2263,2378,2336,2328,2274,2296,2306,2329,2190,2275,2180,2277,2348,2299,2331,2379,2279,2414,2328,2224,2239,2330,2266,2276,2168
83,82,72,59,41,44,38,33,58,50,85,0,33,47,36,49,41,84,69,43,71,74,97,94,40,75,44,42,42,59,68,52,46,57,58,53,60,71,39,72,53,38,60,43,45,102,115,50,63,77,84,37,40,70,58,73,34,49,47,63,55,65,59,63
1838,1825,1814,1747,1762,1855,1871,1757,2025,1706,1777,1799,0,1847,1736,2025,1899,1864,1796,1837,1660,1802,1835,1688,1763,1760,1836,1705,1798,1781,1756,1803,1835,1787,1823,1779,1694,1976,1670,1843,1787,1734,1849,1770,1967,1615,2204,1807,1815,2158,1819,1725,2082,1724,1779,1803,1743,1694,1846,1789,1779,1610,1875,1818
371,346,357,347,351,336,355,358,355,355,354,360,347,0,327,351,340,344,359,366,327,346,335,337,333,335,343,346,340,350,337,370,383,348,349,364,335,338,323,347,347,343,339,355,335,361,337,334,340,364,360,354,336,354,350,366,353,353,336,332,333,343,335,355
1135,1247,1079,1272,1414,1416,1164,1316,1314,1371,1380,1453,1436,1435,0,1328,1456,1374,1503,1470,1605,1538,1522,1544,1595,1577,1409,1591,1526,1551,1486,1210,1569,1583,1567,1535,1621,1577,1635,1653,1568,1646,1571,1579,1674,1670,1314,1256,1640,1331,1615,1482,1403,1489,1655,1729,1688,1720,1705,1696,1743,1788,1698,1787
2975,3001,3019,3116,3211,3057,2978,3118,2898,3180,3098,3016,2942,3092,3198,0,2877,2890,2982,3168,3080,3022,3101,3065,2900,2996,2916,3005,2965,2825,3112,2755,3013,3005,2964,2843,3036,2874,3067,2885,2823,3003,2845,2896,2971,3045,2769,2834,3015,2824,2831,3016,2913,2957,2957,2896,3039,3027,2907,2900,2865,3067,2927,2780
1386,1415,1322,1397,1279,1286,1410,1488,1330,1555,1620,1367,1322,1403,1268,1432,0,1534,1317,1312,1324,1345,1341,1455,1417,1289,1472,1292,1455,1490,1338,1369,1467,1546,1392,1547,1339,1373,1312,1268,1300,1351,1259,1222,1479,1343,1525,1425,1323,1310,1286,1346,1386,1436,1497,1629,1634,1463,1582,1343,1278,1403,1443,1463
6378,6861,6586,6639,6643,6477,6593,6456,6759,6374,6911,6825,6756,6377,6630,6613,6594,0,6648,6646,6373,6526,6636,6705,6252,6408,6624,6738,6949,6548,6841,6465,6534,6372,6656,6641,6467,6844,6262,6509,6099,6376,6913,6585,6768,6485,6358,6861,6594,6768,6550,6575,6494,6650,6497,6270,6325,7005,6167,6537,6687,6389,6915,6429
2327,2203,2359,2159,2347,2064,2198,1909,2110,2032,2138,2099,2047,2253,2030,2111,2250,2014,0,2091,2364,2099,2194,1933,2259,2413,2090,2194,2192,2154,1998,2575,2167,2458,2246,2122,2139,2206,1898,2184,2321,2320,1960,2120,2288,2099,2223,1989,1983,2248,2285,2027,2126,2112,2168,2071,2204,2068,2145,2053,1913,2109,2047,1951
1679,1523,1583,1658,1570,1682,1507,1563,1543,1602,1532,1533,1491,1534,1676,1717,1586,1540,1522,0,1569,1660,1625,1590,1531,1484,1497,1626,1578,1595,1535,1510,1501,1575,1587,1482,1606,1493,1622,1479,1622,1496,1575,1513,1579,1697,1461,1537,1520,1570,1408,1435,1586,1527,1528,1477,1552,1489,1447,1509,1474,1618,1460,1394
1845,1855,1838,1861,2064,1896,1899,1936,1703,1948,1912,1910,1859,1959,1966,1733,1826,1711,1801,1863,0,1880,1914,1898,1925,1907,1738,1904,1767,1746,1939,1696,1882,1807,1770,1802,1889,1817,1766,1843,1918,1888,1755,1842,1880,1876,1725,1679,1808,1781,1693,1915,1932,1877,1845,1699,1817,1945,1832,1806,1808,1935,1843,1769
3164,3415,3260,3130,3143,3060,3423,3131,3329,3189,3220,3250,3290,3276,3359,3249,3334,3163,3245,3377,3150,0,3156,3129,3114,3165,3276,3143,3216,3142,3486,3263,3183,3170,3216,3256,3183,3223,3055,3196,3259,3262,3245,3269,3193,3055,3249,3240,3332,3321,3344,3233,3564,3453,3210,3234,3224,3457,3334,3189,3144,3228,3463,3117
259,288,254,258,270,270,285,284,217,248,242,189,264,236,233,220,252,270,234,225,236,248,0,237,253,282,245,224,273,263,245,277,258,237,249,267,233,229,229,245,270,283,254,247,275,220,276,269,275,237,251,240,265,286,233,250,248,231,225,258,199,221,251,230
2192,2146,2235,2104,2129,2113,2140,2179,2153,2097,2138,2169,2126,2124,2153,2101,2116,2091,2064,2047,2185,2120,2089,0,2153,2131,2166,2153,2098,2188,2154,2101,2097,2078,2027,2141,2088,2096,2092,2151,2121,2159,2074,2105,2114,2057,2077,2081,2095,2071,2035,2083,2085,2082,2069,2053,2135,2145,2111,2087,2134,2073,2111,2131
1540,1570,1553,1617,1583,1630,1476,1489,1561,1568,1522,1662,1488,1438,1599,1704,1512,1620,1480,1518,1532,1597,1584,1550,0,1509,1532,1599,1676,1562,1560,1541,1574,1616,1635,1504,1568,1531,1560,1485,1516,1438,1558,1497,1507,1722,1464,1551,1601,1515,1492,1466,1547,1491,1422,1532,1511,1496,1455,1502,1475,1544,1542,1478
3866,3784,4448,4206,4197,4131,4346,4659,4191,4002,4154,4186,4235,4482,3701,3807,3946,4515,3868,4263,4006,3835,3802,3723,4329,0,4073,3930,4028,4274,4427,3948,4509,4560,4967,4177,4327,4356,4792,4763,4837,4714,3901,4337,4138,4276,4497,4458,4015,4091,4376,4935,4016,4192,4732,4771,3953,3840,5076,4542,4371,4264,4711,4349
1807,2041,1997,2072,1940,2092,2091,2137,2023,2058,2163,2034,2100,2030,2064,2129,2036,2216,2049,2154,2109,2179,2253,2222,2152,2263,0,2141,2286,2324,2280,2227,2261,2347,2312,2213,2239,2338,2322,2244,2273,2219,2320,2301,2286,2391,2331,2324,2387,2380,2315,2260,2306,2301,2289,2395,2303,2305,2441,2400,2281,2372,2394,2489
374,504,417,421,446,412,438,416,429,420,455,454,478,550,406,479,500,429,459,411,425,446,430,412,428,470,465,0,407,368,360,437,417,416,462,369,423,419,459,425,472,398,461,398,413,387,457,422,394,484,426,384,407,404,459,405,401,453,429,436,370,369,420,471
22,28,39,28,27,19,21,38,25,27,30,41,26,26,26,18,22,21,32,27,25,21,28,29,26,24,18,33,0,25,43,18,11,25,30,30,24,30,37,18,27,33,24,16,25,22,18,21,37,17,21,25,24,32,42,24,20,22,19,26,28,38,25,33
5455,5457,5560,5389,5380,5207,5503,5605,5954,5404,5396,5737,5686,5761,5414,5808,5607,5628,5579,5659,5443,5181,5392,5538,5495,5291,5752,5453,5433,0,5617,5737,5641,5371,5453,5688,5693,5524,5427,5518,5582,5798,5714,5751,5507,5367,5980,5968,5427,5449,5629,5415,5815,5411,5556,5792,5975,5548,5371,5575,5828,5436,5974,5426
1006,1017,962,968,1000,1037,941,1096,848,1105,960,903,894,962,1043,984,974,887,1019,971,909,933,1016,1133,929,890,893,884,961,887,0,858,987,914,873,945,1021,939,900,856,936,986,821,964,890,969,908,827,893,886,993,886,904,900,859,988,865,980,840,889,922,957,872,913
749,699,654,680,659,677,621,653,562,665,766,684,704,624,557,576,692,867,688,725,615,616,660,688,640,624,596,612,664,754,603,0,677,571,597,635,571,682,596,772,670,713,624,683,559,715,720,721,604,670,698,681,685,737,614,696,638,517,652,630,635,506,656,758
4594,4641,4648,4603,4721,4696,4746,4708,4845,4762,4694,4646,4768,4827,4921,4899,4840,4747,4859,4825,4715,4873,4718,4864,4720,4807,5040,4896,4808,4793,4895,5158,0,4816,4925,5016,4858,4796,4965,4813,4937,4900,5045,4951,4909,4840,4936,4956,5014,4994,5048,4991,4970,4895,4949,4867,4896,5154,4837,5135,5082,5030,4929,5002
740,828,723,732,694,731,757,721,740,727,838,740,830,719,711,755,736,707,718,774,711,716,760,855,741,752,760,885,772,712,742,817,786,0,716,745,739,729,719,754,682,736,719,748,743,704,755,743,811,685,778,734,643,718,777,717,716,690,686,733,765,772,732,668
1157,1115,1144,1267,1100,1072,1150,1243,1135,1087,1055,1055,1070,1158,1247,1180,996,1209,1098,1203,1146,1085,1425,1290,1159,1330,1243,1120,1248,1221,1140,1522,1204,1205,0,1149,1163,1114,1131,1290,1115,1093,1007,1162,1097,1098,1506,1300,1097,1193,1088,1117,1116,1079,1154,1063,1230,1123,1117,1207,1149,1243,1146,1046
5345,5369,5422,5316,5308,5229,5401,5253,5636,5256,5297,5409,5600,5461,5177,5391,5598,5276,5439,5198,5194,5262,5377,5208,5278,5237,5342,5289,5321,5253,5296,5420,5384,5303,5270,0,5234,5432,5129,5265,5152,5152,5352,5295,5261,5019,5332,5340,5335,5271,5415,5312,5247,5142,5232,5214,5393,5399,5355,5241,5335,5208,5341,5170
1445,1521,1431,1462,1515,1589,1499,1348,1482,1385,1467,1473,1433,1403,1401,1521,1449,1422,1351,1364,1465,1527,1491,1499,1453,1523,1460,1523,1400,1411,1462,1309,1381,1544,1374,1370,0,1462,1444,1373,1417,1354,1532,1360,1400,1506,1324,1526,1520,1387,1377,1274,1354,1487,1292,1391,1330,1362,1412,1425,1342,1470,1391,1411
3116,2843,2560,2884,2790,3216,2866,2492,2831,3059,2719,2507,2754,2828,2951,2767,3091,3037,2991,2622,2751,3222,3037,2730,3148,2930,3156,2853,2938,3221,2720,3294,2876,3107,2965,3226,2911,0,3103,2953,3228,2837,3052,3102,3088,3149,3227,3329,2891,3334,3000,3114,2626,3152,3062,2988,3002,2776,2797,3129,2968,3240,2627,3400
4022,3894,3985,3980,3992,3879,3863,3899,3969,3917,3828,3849,3808,3890,4084,3967,3746,3815,3779,3813,3760,3868,3981,3853,3825,3878,3847,3966,3962,3823,3882,3735,3890,3830,3758,3747,3837,3846,0,3840,3847,3860,3807,3887,3859,3835,3652,3755,3867,3682,3743,3672,3855,3810,3780,3741,3971,3747,3815,3762,3817,3870,3779,3559
2036,1982,2022,1965,1962,1921,2003,1991,2007,1991,1976,1951,1942,1978,1930,1952,1989,1924,1951,1917,1956,1894,1979,2001,1982,1954,1963,1948,1952,2011,2005,1938,1934,1961,1921,1981,1931,1955,1945,0,1930,1993,1904,2000,1935,1918,1920,1963,1947,1905,1907,1936,1952,1923,1914,1918,1992,1988,1982,1940,1972,1976,1959,1941
1174,1056,1009,1101,931,1133,896,989,1123,1072,1065,906,1077,930,1077,1209,870,1015,1014,1028,924,1185,1039,1126,1016,917,1007,1127,1045,951,930,977,947,985,1049,1087,994,983,1074,885,0,1069,1054,981,950,1126,944,1025,1003,947,1087,993,1014,1019,984,1082,996,855,786,930,1018,975,956,861
1847,1759,1869,1749,1758,1743,1744,1835,1759,1757,1759,1751,1747,1768,1789,1699,1730,1746,1679,1698,1784,1722,1720,1777,1776,1753,1771,1775,1725,1788,1778,1712,1741,1706,1659,1759,1745,1714,1719,1782,1768,0,1727,1754,1753,1701,1714,1721,1705,1685,1663,1702,1733,1710,1717,1687,1767,1764,1757,1724,1745,1738,1715,1741
563,619,570,574,529,520,481,566,458,598,617,573,630,466,516,483,564,595,632,595,561,522,561,547,548,562,517,560,543,580,476,561,543,441,497,520,521,493,508,563,541,539,0,521,458,635,566,527,531,612,609,551,574,610,544,616,558,497,502,543,565,462,503,641
89,49,101,117,126,102,92,64,75,46,129,20,34,105,46,140,83,96,60,127,64,76,42,176,52,86,74,62,29,50,45,107,68,59,50,34,82,101,97,17,112,73,38,0,50,52,61,45,56,53,32,30,40,31,102,11,36,124,44,62,98,32,102,42
1222,1232,1015,1114,991,1170,957,1129,1158,1114,1018,1020,1186,1179,1051,1146,1141,1082,1190,974,1111,1276,1149,1152,1214,1090,977,1209,1052,1103,972,1138,1143,1050,1196,1318,1151,1000,1107,1119,1264,1204,1085,1192,0,1073,1048,958,1039,979,1040,1274,1035,1367,1151,1138,1173,1087,1081,1017,1222,1078,745,1186
1646,1666,1617,1559,1529,1589,1629,1628,1627,1592,1628,1615,1595,1607,1577,1613,1608,1621,1582,1560,1565,1599,1584,1598,1594,1598,1603,1576,1643,1560,1607,1599,1619,1606,1609,1618,1613,1586,1584,1548,1571,1616,1574,1652,1581,0,1600,1594,1620,1514,1573,1602,1603,1560,1624,1606,1596,1579,1617,1574,1602,1597,1635,1549
2704,2599,2650,2642,2586,2909,2708,2698,2591,2867,2685,2594,2555,2547,2621,2536,2812,2945,2570,2639,2652,2799,2554,2629,2820,2593,2644,2857,2669,2642,2555,2657,2596,2576,2572,2526,2560,2522,2662,2577,2508,2533,2666,2629,2639,2700,0,2590,2853,2570,2522,2918,2590,2538,2570,2661,2436,2718,2899,2614,2624,2496,2865,2969
215,223,225,219,255,221,221,221,228,228,217,188,233,240,221,244,216,236,211,204,193,229,254,207,206,241,246,228,220,208,196,237,200,218,244,263,254,214,198,267,246,222,201,220,220,223,239,0,198,222,258,227,207,270,212,234,247,229,235,225,216,217,201,255
2346,2274,2362,2250,2261,2227,2266,2325,2283,2245,2263,2288,2264,2256,2279,2205,2226,2242,2223,2199,2306,2234,2225,2261,2281,2250,2290,2275,2236,2299,2288,2250,2241,2197,2167,2283,2229,2208,2221,2286,2268,2290,2219,2247,2229,2171,2207,2246,0,2168,2174,2194,2202,2196,2211,2176,2265,2271,2232,2218,2282,2217,2232,2242
465,491,460,498,414,490,430,499,384,447,482,476,489,423,393,412,507,584,523,526,402,461,478,467,443,430,436,405,457,486,435,434,517,426,429,435,421,525,420,510,461,475,454,490,369,498,518,500,469,0,495,435,491,510,454,506,421,402,446,428,426,348,445,537
178,148,172,116,148,144,157,159,117,201,167,112,141,145,171,201,146,126,156,129,168,140,159,203,136,176,111,155,101,146,167,116,152,161,107,144,196,123,186,185,137,171,116,140,140,201,144,153,107,117,0,141,153,161,199,172,194,180,134,145,147,149,109,227
19,28,19,8,12,10,17,25,13,35,15,8,10,15,17,13,4,17,25,4,19,15,18,27,24,25,14,15,12,11,32,6,11,13,8,32,22,13,26,21,4,16,18,6,12,17,23,11,3,19,10,0,10,22,27,18,13,16,18,14,13,11,7,34
1425,1274,1357,1492,1361,1511,1321,1322,1311,1441,1328,1332,1265,1324,1457,1489,1437,1317,1270,1297,1388,1437,1462,1334,1346,1340,1344,1400,1396,1404,1315,1396,1260,1322,1338,1253,1375,1211,1380,1269,1367,1273,1385,1359,1353,1415,1289,1343,1312,1435,1213,1223,0,1329,1317,1231,1374,1367,1199,1373,1266,1422,1262,1186
1004,1145,1136,933,1296,1056,1037,856,1012,1125,1132,1146,1072,1102,1077,1108,1250,893,1179,1109,1325,1071,1105,1018,1169,1317,1037,1100,1023,967,1032,1013,891,1055,1056,1051,1076,1016,1049,1083,1009,1024,1073,902,1196,1091,913,874,1080,1169,1071,1068,975,0,1111,957,1071,1163,1026,1013,908,1060,1026,944
1906,1925,1885,1879,2013,2042,1839,1796,1817,1885,1911,2006,1820,1846,1934,1829,1892,1821,1934,1893,2069,2043,1820,2047,1966,1962,1853,1927,1898,1961,1911,1769,1911,1962,1957,1922,2014,1933,1914,1884,1902,2003,2009,1916,2009,2052,1839,1891,1921,1930,1953,1904,1994,2041,0,1963,1855,1896,1846,1861,2023,1978,1836,1930
1781,1251,981,1905,1639,1694,1513,1547,1352,1509,1145,1421,1291,1388,1568,1210,1661,1357,1382,1239,1755,1346,1272,1468,1775,1416,1035,1461,1346,1654,1230,1391,1205,1246,1238,1308,1498,1441,1612,1302,1364,1500,1314,1572,1410,1397,1180,1558,1068,1289,1180,1369,1496,1749,1525,0,1321,1300,1455,1091,1390,1551,1140,1420
1867,1778,1887,1790,1807,1767,1800,1841,1805,1776,1815,1824,1792,1807,1819,1728,1766,1763,1741,1740,1863,1772,1792,1810,1827,1797,1805,1834,1766,1845,1812,1780,1777,1750,1699,1783,1770,1767,1774,1832,1807,1811,1729,1771,1774,1708,1755,1750,1756,1725,1699,1738,1746,1748,1769,1727,0,1798,1771,1789,1795,1758,1760,1801
833,875,917,831,924,782,894,944,755,862,909,790,841,925,902,841,803,788,854,833,906,812,888,894,874,894,868,863,813,856,857,794,847,793,760,811,880,852,856,833,838,894,807,853,971,882,843,815,760,795,824,831,822,932,861,805,895,0,894,808,849,927,824,753
2962,3016,3013,3034,2946,2886,3033,3085,3337,2895,3129,3262,3023,3074,2950,3258,3093,2882,3052,3219,3138,3024,2983,3098,2907,2952,3249,2863,2908,2833,3253,2975,2948,2940,3052,3039,3164,3355,2850,3024,2968,2975,2991,2967,3238,3006,3014,2941,3010,3138,3454,2911,3318,2826,2888,2919,2988,3142,0,3293,2987,3243,3119,2960
472,454,582,536,518,466,668,597,526,515,584,585,552,569,598,562,524,560,514,537,563,515,602,554,489,588,552,475,549,570,522,570,534,617,530,442,587,573,639,539,549,494,581,555,630,567,554,568,581,566,535,507,523,399,602,498,477,442,595,0,527,545,572,470
170,159,165,161,150,133,116,189,126,143,193,135,97,149,122,129,161,132,222,120,229,188,189,177,195,181,172,162,102,180,178,107,89,165,130,124,195,168,169,171,108,164,183,194,121,170,184,200,124,111,149,146,117,226,147,153,147,140,144,141,0,197,99,174
2918,2917,2871,2949,2813,3002,2901,3001,2861,2921,2892,2802,2850,2867,2793,3001,2752,2977,2772,2869,2735,2937,2805,2982,2867,2814,2880,2848,2960,2989,2937,2980,2923,2999,2828,2946,2876,2779,2982,2729,2894,2827,2856,2812,2761,2926,2795,2926,2924,2725,2737,2804,2783,2808,2781,2859,2801,2827,2770,2804,2851,0,2925,2874
1280,1440,1286,1298,1276,1213,1149,1271,1128,1369,1331,1292,1374,1147,1201,1101,1311,1225,1376,1325,1377,1229,1267,1378,1283,1292,1114,1323,1302,1295,1212,1160,1224,1168,1209,1318,1273,1148,1186,1248,1145,1199,1166,1220,1109,1363,1219,1161,1303,1249,1254,1261,1290,1376,1255,1384,1300,1259,1198,1234,1251,1168,0,1399
1425,1315,1705,1827,1420,1611,1837,2112,1614,1413,1380,1328,1712,1577,1381,1286,1140,1696,1347,1565,1164,1623,1510,1693,1417,1454,1514,1505,1572,1507,1563,1669,1700,1644,1520,1328,1406,1399,1762,1697,1541,1421,1545,1609,1320,1306,1405,1980,1440,1452,1392,1670,1518,1541,1441,1576,1384,1138,1640,1588,1478,1564,1583,0
