0,1963,2691,1745,1950,1591,2055,1959,1785,2767,2507,2900,484,1409,1919,2594,2614,1505,3094,2666,2546,1414,1770,856,2429,4665,2117,2624,117,5603,1918,2150,1577,3387,148,1622,1604,1554,1915,2308,3736,4435,3327,2124,1964,1885,2256,1303,1803,3156,1260,1392,2664,2571,4076,2465,1561,1292,7390,1835,2059,3391,1455,1619
667,0,2787,1677,2065,1495,2161,2117,1785,2035,2707,2869,590,1515,1788,2471,2397,1450,3052,2644,2472,1596,1805,898,2509,4818,1956,2789,63,5477,1953,2077,1503,3521,117,1679,1392,1334,1766,2372,3816,4431,3200,2266,1925,1942,2322,1198,1902,3007,1347,1293,2767,2690,4069,2620,1676,1419,7608,1922,2051,3477,1368,1579
680,1963,0,1644,2072,1476,2173,1987,1796,2692,2565,2930,502,1456,1850,2642,2354,1434,2899,2611,2570,1358,1738,976,2515,4826,2004,2644,97,5758,1843,2220,1580,3513,123,1675,1647,1447,1653,2404,3800,4319,3204,2232,2023,1884,2184,1300,1872,2845,1253,1406,2736,2640,4176,2634,1723,1143,7431,1758,2058,3514,1391,1710
913,1873,2734,0,2040,1591,2248,1996,1768,3293,2804,2894,444,1444,1756,2405,2413,1401,2996,2626,2477,1373,1935,920,2337,4833,2182,2674,133,5441,1827,2060,1599,3360,203,1593,1567,1301,1873,2266,3614,4556,3322,2204,1982,1906,2407,1319,1796,2953,1217,1285,2616,2533,3887,2685,1590,1316,7598,1728,2226,3221,1378,1576
710,2097,2662,1641,0,1528,2149,2151,1836,2712,2576,2797,416,1415,1840,2502,2561,1358,2857,2625,2559,1388,1857,786,2413,4780,2083,2758,47,5584,1808,2009,1488,3623,132,1759,1482,1376,1746,2545,3713,4527,3133,2316,1890,1863,2237,1219,1873,3157,1273,1351,2615,2631,3963,2418,1529,1509,7714,1858,2145,3765,1342,1566
763,1843,2737,1645,1890,0,2324,2100,1847,3036,2743,2912,382,1470,1843,2431,2393,1414,3144,2611,2412,1786,1919,915,2400,4703,2139,2649,95,5541,1863,2039,1500,3500,260,1606,1502,1413,1954,2448,3682,4635,3127,2346,1883,1817,2278,1158,1885,2862,1148,1320,2596,2597,3817,2458,1586,1351,7692,1894,2054,3397,1331,1590
712,1918,2750,1764,2057,1463,0,2088,1742,3396,2567,3058,374,1437,1692,2537,2337,1401,2978,2572,2453,1544,1828,901,2420,4896,1987,2693,64,5794,1806,2040,1447,3419,89,1508,1429,1330,1727,2431,3717,4479,3217,2191,1899,1775,2278,1331,1827,3023,1207,1293,2685,2669,4028,2626,1578,1303,7669,1943,2313,3377,1375,1618
745,1947,2791,1591,2031,1482,2179,0,1806,3156,2777,2925,522,1470,1783,2435,2521,1346,2962,2681,2519,1322,1877,1015,2265,4909,2155,2713,181,5377,1904,2075,1500,3387,121,1660,1610,1427,1779,2366,3625,4550,3432,2185,1955,1832,2302,1407,1800,2752,1301,1312,2620,2502,3929,2810,1559,1364,7390,1890,2007,3315,1398,1586
747,1843,2869,1599,2059,1554,2390,2092,0,2627,2560,2823,431,1453,1855,2465,2416,1350,3044,2452,2416,1333,1744,1085,2403,4936,1997,2781,60,5742,1808,2128,1440,3430,91,1564,1564,1330,1950,2422,3849,4451,3212,2288,1968,1840,2236,1156,1598,3089,1265,1188,2677,2812,4284,2730,1607,1153,7849,1852,2000,3453,1408,1608
592,2016,2699,1619,2109,1486,2306,2073,1828,0,2658,2789,490,1489,1875,2412,2506,1390,2975,2540,2541,1421,1831,903,2365,4842,2141,2782,94,5530,2028,2135,1535,3468,188,1633,1451,1336,1796,2426,3646,4496,3200,2191,1891,1821,2220,1307,1833,3024,1316,1343,2719,2588,3958,2593,1627,1343,7418,2027,2022,3508,1363,1700
645,2141,2622,1688,1918,1398,2308,2147,1759,2821,0,3258,463,1368,1843,2483,2349,1461,2977,2542,2510,1390,1800,1057,2440,4750,2011,2717,145,5652,2078,2025,1520,3422,173,1725,1495,1415,1760,2324,3705,4510,3628,2242,1918,1967,2250,1341,1850,2829,1152,1285,2634,2581,3991,2560,1508,1392,7535,1816,2008,3329,1358,1567
654,2176,2755,1737,2023,1403,2327,2151,1874,2866,2534,0,448,1476,1822,2457,2398,1308,3079,2454,2499,1334,1837,1149,2427,4808,2119,2777,134,5706,1770,2102,1574,3601,113,1699,1427,1389,1750,2480,3737,4508,3156,2278,1950,1762,2279,1247,1750,3170,1178,1256,2660,2680,4226,2429,1540,1323,7538,1831,2122,3299,1324,1588
610,1910,2945,1660,2029,1353,2343,2026,1846,3026,2516,2980,0,1462,1809,2469,2314,1398,2973,2549,2534,1394,1735,1056,2390,4912,2102,2759,129,5833,1892,2062,1446,3544,130,1586,1505,1298,1686,2418,3809,4315,3415,2199,1914,1860,2157,1172,1730,2850,1271,1341,2677,2569,4250,2650,1507,1165,7886,1878,2075,3396,1488,1559
709,1904,2807,1676,2109,1459,2260,2125,1785,2753,2539,2957,399,0,1761,2587,2355,1312,2827,2637,2499,1452,1744,1024,2524,4906,1934,2844,170,5747,1841,2024,1544,3523,112,1672,1523,1370,1735,2490,3733,4450,3076,2349,1843,1745,2208,1239,1829,2955,1273,1473,2754,2487,4067,2586,1581,1347,7538,1846,2159,3727,1316,1622
676,1992,2951,1711,2142,1554,2404,2011,1817,2560,2493,2838,425,1447,0,2481,2541,1248,2886,2637,2453,1349,1767,1110,2316,4898,2158,2783,106,5790,1898,2114,1508,3487,115,1717,1530,1309,1839,2514,3681,4365,3104,2316,2004,1840,2079,1285,1864,3185,1263,1375,2639,2608,3902,2793,1626,1199,7274,1884,1992,3640,1384,1570
614,1852,2871,1753,2162,1534,2505,2040,1829,2694,2535,2853,418,1558,1816,0,2408,1420,3070,2584,2433,1432,1777,1055,2325,5036,2364,2731,107,5769,1966,1961,1595,3372,198,1530,1492,1414,1901,2416,3674,4364,3224,2296,1920,1726,2204,1198,1825,3086,1225,1473,2686,2591,3911,2763,1523,1252,7196,1711,2008,3539,1437,1566
607,2171,2659,1746,1988,1363,2288,2146,1763,2364,2720,3166,511,1360,1763,2468,0,1446,2915,2581,2523,1393,1791,1156,2490,4934,2151,2921,106,5761,1927,2024,1525,3554,144,1687,1539,1342,1755,2412,3682,4409,3175,2359,1970,1896,2241,1209,1718,3155,1232,1285,2634,2558,3966,2327,1502,1330,7811,1752,2037,3351,1386,1735
620,2228,2715,1672,2073,1462,2338,2029,1761,3032,2691,2998,424,1401,1704,2452,2374,0,2854,2675,2455,1337,1857,1132,2485,5037,2034,2860,117,5650,1991,2016,1477,3376,198,1546,1532,1431,1811,2261,3636,4554,3448,2172,1925,1818,2162,1224,1894,2808,1278,1307,2505,2504,3801,2584,1567,1311,7716,1832,2131,3494,1401,1554
643,1983,2812,1616,2022,1439,2374,1980,1804,2543,2661,2903,498,1411,1788,2499,2436,1454,0,2605,2600,1405,1760,1142,2488,4873,1978,2921,65,5812,1822,2135,1425,3593,95,1568,1494,1308,1662,2447,3731,4394,3242,2146,1987,1871,2383,1268,1906,3018,1241,1226,2722,2539,4043,2428,1588,1266,7778,2057,2064,3334,1403,1657
640,2157,2744,1559,2000,1403,2467,2052,1765,3017,2711,3111,431,1435,1724,2426,2315,1460,2902,0,2499,1238,1780,1164,2426,4983,2004,2870,62,5658,1869,1996,1551,3373,107,1671,1428,1348,1658,2313,3594,4563,3452,2153,1978,2080,2276,1250,1670,2974,1330,1251,2660,2547,3926,2525,1457,1316,7964,1810,2137,3367,1340,1605
651,2197,3155,1647,1988,1475,2472,2185,1842,2281,2565,2754,475,1453,1952,2425,2477,1188,2917,2538,0,1253,1841,944,2307,4981,2041,2959,97,5669,1899,2095,1536,3584,97,1738,1514,1348,1724,2418,3630,4663,3293,2329,1826,1961,2323,1296,1686,3260,1265,1124,2558,2645,3983,2424,1444,1262,7798,2008,2025,3266,1384,1570
670,2230,2655,1633,1849,1441,2452,2155,1805,2378,2542,3031,446,1441,1786,2374,2455,1347,3057,2577,2410,0,1866,918,2408,5040,2165,2921,121,5738,1899,1887,1413,3407,87,1638,1499,1339,1783,2382,3592,4547,3367,2218,2051,1867,2334,1255,1719,3213,1267,1303,2596,2634,3994,2578,1597,1363,7503,1906,2354,3339,1252,1594
758,2108,2853,1772,1916,1554,2544,2008,1773,2481,2500,2762,501,1398,1859,2484,2416,1328,2976,2411,2453,1594,0,1206,2354,5148,2157,2943,147,5763,1800,2059,1676,3354,119,1618,1580,1317,1829,2396,3679,4329,3470,2274,1869,1922,2203,1247,1761,2984,1152,1264,2631,2564,3991,2599,1675,1297,7719,1753,1999,3312,1265,1582
746,2390,2925,1674,2004,1561,2627,1907,1750,3065,2584,2881,494,1468,1893,2461,2470,1394,3012,2628,2372,1407,1738,0,2327,5075,2011,2915,173,5669,2007,2119,1526,3273,153,1593,1499,1405,1962,2410,3534,4377,3341,2206,1882,1867,2153,1278,1883,2749,1142,1442,2623,2536,3828,2449,1616,1272,7207,1852,2073,3263,1343,1573
571,2103,3021,1565,2037,1447,2434,2190,1775,2527,2684,2835,488,1361,1807,2483,2381,1316,2973,2558,2522,1166,1829,997,0,4994,2024,2939,41,5730,1885,2095,1505,3601,117,1644,1516,1435,1747,2382,3595,4555,3332,2165,1903,1916,2325,1295,1770,3298,1154,1222,2614,2610,3992,2493,1505,1337,7908,1916,2012,3239,1326,1617
542,2249,3047,1656,2078,1434,2399,2159,1779,2073,2541,2906,417,1477,1837,2466,2371,1401,3003,2517,2580,1329,1779,1138,2553,0,2031,2978,36,5905,1809,2068,1450,3578,88,1619,1369,1307,1719,2513,3775,4423,2996,2252,1889,1827,2297,1302,1761,3047,1255,1220,2700,2674,4045,2483,1572,1336,7852,1873,2218,3491,1370,1598
558,1952,3018,1612,1964,1425,2541,2080,1778,2369,2704,2894,444,1424,1860,2468,2416,1355,2980,2553,2452,1471,1786,1241,2461,5147,0,2943,34,5854,1882,2041,1486,3438,190,1601,1475,1384,1789,2208,3645,4492,3280,2170,1896,1742,2165,1234,1850,3247,1294,1258,2620,2640,4059,2585,1613,1144,7735,1840,2001,3464,1341,1645
602,1869,2965,1640,1837,1609,2508,2140,1730,2807,2640,2752,457,1404,1875,2376,2521,1328,2977,2588,2432,1260,1796,996,2322,4934,2081,0,46,5705,1949,1944,1560,3411,92,1579,1514,1307,1981,2368,3619,4602,3223,2320,1875,1810,2287,1276,1748,3350,1244,1183,2571,2505,3908,2466,1562,1227,8098,1942,2099,3537,1314,1559
699,2347,2954,1610,2106,1641,2585,2011,1782,2628,2571,2879,511,1390,1685,2433,2394,1433,2971,2457,2431,1325,1853,1227,2230,5095,2063,3025,0,5565,1952,2153,1532,3341,145,1515,1503,1302,1917,2305,3612,4372,3271,2179,1899,1797,2266,1354,1821,2794,1354,1320,2654,2518,3977,2555,1679,1240,7637,1749,2071,3350,1411,1580
741,2005,2996,1641,1926,1461,2438,2110,1750,2694,2600,2882,461,1368,1806,2484,2399,1435,2932,2538,2462,1282,1815,1297,2404,5194,2045,3080,77,0,1897,1954,1432,3349,123,1635,1663,1488,1782,2353,3582,4495,3161,2251,1920,1795,2231,1301,1714,3003,1232,1184,2583,2481,3902,2611,1546,1213,7854,2086,2140,3232,1349,1661
866,2078,3020,1524,1938,1433,2428,2064,1745,2705,2501,2780,391,1432,1822,2482,2309,1311,2981,2441,2378,1691,1766,1390,2480,5158,2023,2936,91,5807,0,1939,1540,3569,104,1665,1467,1401,1752,2347,3655,4484,3283,2255,1799,1827,2144,1197,1811,2725,1187,1210,2548,2657,3974,2597,1488,1190,7750,1907,1866,3811,1376,1672
569,1986,2954,1592,1964,1397,2531,1970,1747,2606,2774,2934,531,1409,1730,2413,2227,1460,3057,2556,2450,1212,1824,1248,2446,5290,2065,2947,231,6088,1947,0,1587,3309,83,1510,1584,1339,1707,2208,3685,4381,3265,2117,1853,1974,2275,1168,1703,3366,1176,1237,2653,2517,4003,2458,1638,1186,7895,1684,2261,3286,1356,1594
746,1965,3000,1655,2005,1430,2743,1840,1784,3089,2657,3025,451,1376,1734,2490,2343,1413,2868,2585,2432,1531,1831,1296,2293,5147,2054,2990,251,5737,1895,2083,0,3352,240,1529,1546,1487,1727,2204,3637,4322,3370,2061,1898,1753,2133,1347,1760,2683,1201,1282,2639,2488,4053,2571,1594,1200,7741,1872,1956,3387,1288,1578
653,1974,2887,1553,1917,1407,2542,1995,1785,2760,2950,2751,422,1497,1740,2394,2396,1240,3007,2633,2453,1346,1891,924,2416,5264,2006,3035,120,5840,1872,1888,1424,0,65,1687,1358,1380,1786,2407,3563,4531,3222,2204,2013,1842,2231,1204,1826,3165,1109,1119,2572,2546,4006,2725,1519,1305,7946,1964,2204,3381,1282,1593
618,2216,3011,1621,1919,1523,2548,2078,1799,2338,2606,2726,506,1400,1837,2459,2272,1285,2954,2571,2392,1359,1804,1288,2386,5126,2063,3038,166,6006,2022,2073,1504,3366,0,1554,1508,1354,1822,2435,3673,4437,3288,2270,1856,1792,2176,1153,1738,2986,1271,1325,2593,2632,3861,2682,1643,1275,7605,1780,2000,3614,1296,1643
702,1833,2953,1663,1968,1442,2657,2019,1789,2484,2706,2735,529,1434,1769,2524,2387,1325,2986,2506,2514,1483,1815,1292,2335,5209,2057,3028,187,5727,1928,1988,1444,3316,208,0,1523,1419,1792,2331,3679,4362,3203,2100,2020,1807,2187,1233,1772,2978,1165,1347,2722,2627,3999,2574,1507,1213,7821,2163,1972,3239,1343,1562
719,2242,2985,1648,2066,1463,2557,2102,1742,2998,2885,2828,464,1342,1749,2422,2299,1434,2915,2595,2399,1344,1786,1036,2318,5120,2086,2923,124,5771,1949,2049,1509,3388,176,1689,0,1328,1771,2330,3500,4421,3238,2236,1830,1899,2286,1240,1788,3099,1286,1275,2654,2446,3755,2491,1583,1209,7717,1960,1988,3287,1337,1613
682,2123,2661,1632,2041,1447,2575,1974,1797,2488,2575,3081,508,1386,1826,2528,2301,1333,2978,2487,2426,1422,1709,1378,2437,5157,2092,3093,110,5836,1893,2123,1438,3460,234,1642,1588,0,1737,2285,3705,4322,3233,2053,1927,1739,2227,1279,1776,3171,1100,1363,2719,2630,4130,2611,1484,1061,7683,1895,1929,3390,1319,1703
530,1963,2894,1556,1988,1415,2590,2053,1773,3269,2918,2860,444,1602,1813,2377,2304,1362,2991,2561,2524,1160,1861,1192,2384,5343,2046,2975,110,5906,2029,2000,1597,3319,78,1603,1500,1184,0,2283,3588,4402,3489,2133,2040,1856,2202,1255,1780,2971,1170,1211,2671,2504,3805,2536,1390,1203,7952,1717,2276,3087,1358,1534
701,1859,3112,1771,2084,1437,2669,1993,1784,2789,2766,2916,490,1353,1864,2456,2291,1297,2888,2465,2552,1230,1723,1382,2346,5203,2094,2935,165,5903,1818,2031,1537,3416,151,1650,1618,1422,1646,0,3686,4302,3304,2096,1771,1793,2128,1284,1749,2996,1248,1257,2651,2515,3965,2665,1617,961,7914,1799,2102,3269,1312,1650
578,2025,2946,1742,1995,1541,2420,2055,1765,2676,2647,2799,490,1454,1806,2413,2368,1454,2883,2585,2462,1217,1768,1380,2398,5087,2026,3050,164,5895,2000,2078,1508,3484,177,1553,1510,1314,1817,2371,0,4396,3333,2134,1889,1832,2055,1337,1813,3312,1218,1370,2617,2476,3819,2659,1601,1256,7355,1822,2026,3380,1376,1638
684,2235,3058,1573,1918,1476,2742,1953,1765,2801,2615,2831,388,1337,1700,2474,2421,1375,2901,2500,2539,1439,1789,1379,2429,5169,2076,3121,97,5853,1734,1939,1413,3450,87,1673,1488,1376,1792,2331,3577,0,3324,2073,1883,1899,2211,1238,1706,2865,1275,1250,2578,2482,3852,2503,1394,1244,8202,1940,2036,3419,1321,1610
684,2024,3028,1606,1882,1542,2724,2003,1787,2522,2583,2833,440,1444,1784,2433,2416,1360,3039,2505,2454,1187,1891,1368,2379,5242,1978,3085,134,5904,1922,2065,1448,3349,131,1562,1498,1354,1930,2342,3625,4399,0,2235,1873,1730,2122,1236,1862,3010,1165,1275,2500,2553,3882,2659,1551,1372,7722,1847,2196,3367,1293,1553
729,2406,2961,1606,2047,1408,2467,1907,1751,2716,2523,2927,433,1388,1725,2474,2430,1402,2926,2495,2490,1485,1720,1388,2390,5206,2045,3063,121,5794,1811,2055,1525,3393,77,1643,1518,1309,1718,2291,3632,4423,3404,0,1893,2002,2176,1448,1774,2927,1312,1124,2629,2543,3911,2410,1586,1173,7767,1898,2039,3300,1427,1627
734,1966,3183,1582,2018,1359,2723,2037,1840,2414,2447,2877,424,1430,1864,2399,2368,1249,3016,2489,2465,1267,1733,1454,2433,5201,2196,3115,195,5958,1894,2037,1558,3467,155,1576,1465,1376,1741,2394,3609,4423,3151,2087,0,1838,2262,1223,1750,3383,1204,1263,2614,2531,3964,2442,1444,1140,7655,1856,2069,3248,1408,1640
579,2247,2942,1646,2021,1389,2725,2011,1839,2511,2706,2840,535,1487,1893,2287,2398,1411,2964,2557,2462,1327,1821,1280,2366,5020,2142,3031,139,5869,2056,2069,1499,3404,140,1550,1509,1391,1778,2186,3472,4557,3495,2172,1794,0,2254,1217,1809,2973,1254,1229,2480,2549,3770,2717,1552,1341,7531,1813,2072,3347,1357,1578
639,2163,3026,1628,2022,1358,2708,2047,1804,2694,2818,3106,439,1372,1713,2410,2361,1433,2937,2579,2477,1468,1750,1463,2329,5156,2121,3101,77,5921,1836,2013,1452,3521,181,1619,1567,1393,1660,2243,3664,4209,3226,2036,1873,1795,0,1225,1805,2763,1262,1320,2617,2494,3986,2530,1615,1091,7891,1812,1898,3347,1358,1654
769,2459,3272,1578,1860,1488,2739,2010,1747,2912,2628,2815,393,1412,1807,2429,2580,1367,2894,2480,2409,1252,1753,1362,2250,5326,2083,3176,174,5887,1890,2061,1463,3274,112,1612,1542,1496,1829,2257,3603,4329,3212,2172,1821,1848,2123,0,1842,2980,1238,1242,2584,2493,3932,2458,1515,1201,7636,1696,2063,3269,1308,1555
667,2111,3056,1539,1939,1515,2750,2007,1865,2228,2537,2835,484,1471,1824,2395,2329,1399,2962,2520,2390,1339,1815,1482,2373,5189,2008,3093,93,5974,2029,2028,1445,3431,109,1545,1470,1244,1816,2447,3661,4383,3178,2144,1998,1865,2146,1180,0,3282,1265,1395,2599,2681,3988,2525,1594,1184,7424,1855,1923,3458,1320,1607
676,1968,3116,1707,2015,1498,2722,2287,1773,2352,2533,3018,423,1358,1789,2378,2188,1398,2923,2451,2453,1446,1757,1545,2285,5196,2013,3070,139,5867,1841,1931,1559,3448,77,1578,1487,1374,1775,2526,3705,4312,3077,2461,1810,1753,2280,1179,1777,0,1221,1238,2632,2665,4383,2548,1508,1132,7799,1749,1934,3340,1323,1583
810,2345,3146,1636,2020,1409,2763,1912,1702,2155,2554,2967,448,1332,1768,2483,2387,1405,2978,2477,2449,1336,1624,1462,2454,5212,1967,3211,97,6195,1820,2058,1388,3541,151,1522,1482,1433,1710,2406,3715,4179,3203,2177,1850,1822,2105,1145,1787,2956,0,1365,2590,2490,4071,2437,1598,1206,7917,1761,1972,3511,1349,1582
573,2009,3151,1524,1852,1273,2642,2023,1792,2915,2561,2752,468,1435,1802,2369,2271,1266,2877,2467,2519,1354,1678,1298,2430,5409,1990,3145,106,5932,1809,2079,1500,3502,184,1634,1492,1167,1618,2350,3635,4519,3221,2159,2012,1877,2213,1186,1727,3318,1260,0,2621,2537,3887,2457,1502,1318,7964,2133,2006,3310,1435,1595
772,2377,2665,1645,1818,1494,2818,2046,1731,2685,2455,2649,469,1337,1764,2410,2311,1294,2967,2490,2470,1388,1800,1302,2382,5385,1956,3144,160,5960,1859,2146,1458,3409,82,1577,1515,1340,1727,2405,3639,4257,3505,2258,1865,1891,2130,1286,1758,2809,1219,1197,0,2522,3955,2663,1631,1068,8007,2102,2052,3313,1333,1555
774,2353,3121,1692,1990,1515,2637,1921,1731,2357,2665,2918,486,1375,1726,2478,2346,1421,2840,2572,2436,1427,1765,1306,2327,5245,2115,3087,136,5967,1795,2039,1525,3276,187,1609,1465,1463,1818,2370,3461,4416,3252,2202,1699,2079,2145,1392,1785,2973,1197,1281,2593,0,3714,2303,1468,1261,7841,2036,1931,3412,1477,1586
570,1956,3141,1579,2034,1370,2701,1936,1768,2913,2592,2998,428,1386,1916,2319,2394,1326,2843,2502,2449,1295,1803,1419,2413,5257,2081,3149,188,6081,1940,2080,1485,3368,165,1631,1549,1345,1644,2282,3636,4314,3157,2062,1932,1722,2092,1321,1672,2906,1255,1376,2596,2537,0,2609,1566,1164,7727,1848,2058,3279,1364,1552
743,1953,3028,1682,1981,1378,2704,2017,1757,2843,2695,3040,413,1464,1745,2339,2312,1404,2888,2506,2399,1458,1802,1530,2271,5172,1881,3205,71,5763,1865,2057,1502,3398,189,1552,1432,1308,1713,2201,3531,4358,3717,2126,1838,1764,2215,1263,1946,2622,1242,1180,2563,2543,3845,0,1557,1247,8230,1843,2102,3188,1454,1544
604,2307,3056,1607,1923,1527,2880,1922,1693,2066,2616,2660,554,1431,1869,2475,2461,1425,2940,2414,2470,1344,1745,1196,2366,5210,1981,3286,48,5892,1942,2153,1534,3412,83,1551,1524,1288,1759,2269,3677,4231,3415,2075,1871,1865,2323,1387,1778,3241,1264,1257,2581,2643,4005,2526,0,1134,7922,1739,1942,3225,1380,1631
643,2552,3272,1586,2071,1423,2816,2019,1736,1803,2599,2793,408,1300,1758,2479,2392,1166,2893,2370,2428,1541,1691,1471,2497,5435,1988,3310,47,6220,1806,2043,1536,3449,94,1594,1466,1228,1721,2427,3607,4198,3172,2249,1750,1789,2159,1299,1816,2980,1202,1165,2613,2577,3992,2519,1653,0,8072,1793,1832,3500,1391,1608
664,1977,2678,1567,1881,1391,2577,2116,1809,2730,2669,2842,483,1392,1667,2436,2264,1217,2874,2473,2435,1218,1765,1371,2718,5158,1944,3187,107,5881,1984,2094,1479,3571,92,1662,1447,1357,1733,2488,3709,4486,3298,2213,1923,1829,2149,1204,1738,2675,1270,1231,2617,2536,4353,2560,1625,1262,0,1949,2070,3284,1271,1609
751,2251,2740,1638,1960,1542,2955,1934,1738,2857,2662,2913,470,1334,1774,2411,2376,1374,2931,2510,2435,1275,1754,1552,2379,5405,1950,3166,105,6072,1876,2009,1539,3278,136,1582,1519,1233,1821,2200,3581,4256,3233,2205,1997,1884,2113,1299,1709,3004,1212,1251,2548,2520,3856,2556,1540,1236,7597,0,1993,3252,1256,1583
486,2517,3078,1710,1979,1381,2716,1973,1785,2867,2700,2885,435,1376,1841,2481,2314,1266,2890,2455,2449,1274,1688,1636,2394,5351,2030,3356,180,6043,1855,2027,1569,3278,166,1700,1649,1518,1718,2184,3506,4371,3157,2111,1889,1862,2039,1134,1661,2906,1209,1217,2595,2541,3859,2422,1498,1146,8052,1934,0,3083,1326,1621
805,2494,3132,1660,1905,1484,2792,2125,1773,2504,2713,2743,451,1404,1854,2413,2429,1141,2968,2484,2385,1427,1821,1411,2362,5344,2042,3171,116,5908,1818,2021,1531,3364,125,1725,1448,1349,1829,2282,3494,4420,3151,2342,1734,1786,2104,1127,1795,3091,1239,1127,2471,2506,3867,2654,1488,1262,7798,1808,2029,0,1277,1586
672,2523,3271,1631,1919,1357,2817,2038,1740,2828,2675,2840,451,1411,1787,2437,2289,1282,2953,2443,2421,1274,1729,1704,2305,5532,1937,3248,185,6159,1877,1939,1466,3482,130,1635,1513,1361,1652,2328,3607,4231,3223,2194,1760,1857,2076,1158,1762,2740,1062,1239,2542,2535,3997,2577,1447,1222,7776,1738,2012,3262,0,1590
636,2072,3246,1657,2030,1378,2672,2085,1697,2454,2965,2973,524,1422,1643,2399,2275,1449,2800,2606,2462,1295,1774,1095,2423,5240,1947,3153,264,6071,1812,1929,1527,3231,138,1635,1512,1407,1617,2255,3550,4468,3389,2238,1911,1901,2087,1229,1843,3281,1220,1277,2535,2524,3713,2608,1603,1316,7686,1966,2024,3193,1302,0
