34,17,21,20,29,24,22,17,14,20,26,33,28,11,15,18,4,17,18,12,16,23,23,11,20,1,4,9,5,2,3,3,6,4,5,4,4,2,3,2,5,5,5,4,7,5,5,6,6,9,8,3,0,8,4,7,1,4,1,4,4,4,5,6
60,41,55,45,42,41,64,61,49,42,44,21,40,25,17,28,16,23,33,21,14,33,27,23,36,1,5,5,1,0,2,4,4,4,6,4,8,2,10,2,9,0,7,5,4,4,4,3,3,5,3,6,5,11,4,9,4,0,2,0,4,1,4,1
77,78,90,112,91,66,98,63,70,87,107,101,84,78,78,59,42,56,48,64,47,79,64,64,60,2,5,5,2,4,3,3,3,3,1,1,10,5,2,3,4,6,1,0,4,2,9,4,5,4,3,7,2,6,0,1,2,3,3,3,5,6,2,8
21,16,25,32,14,14,16,14,16,18,17,10,31,35,22,11,16,19,16,12,10,23,22,16,27,1,0,2,3,2,1,5,0,6,3,2,1,4,2,0,1,2,1,6,3,3,0,5,2,6,2,0,2,2,4,4,1,2,1,4,0,1,1,4
12,28,16,31,18,8,27,18,31,19,12,16,30,24,15,18,10,18,9,16,7,14,32,11,8,1,2,6,4,3,4,1,5,4,0,5,1,7,4,2,0,3,10,2,3,1,1,2,2,1,1,4,3,5,7,6,5,7,1,1,4,6,2,6
17,28,20,23,26,14,25,16,14,21,24,17,6,15,11,24,8,21,13,16,17,15,16,14,14,1,1,2,2,4,2,3,0,1,2,0,5,3,2,4,1,3,8,4,1,3,1,2,5,2,3,4,2,3,1,5,1,1,4,3,1,1,3,6
42,41,54,32,27,32,24,22,27,31,29,22,20,23,15,24,11,34,27,22,19,22,28,17,16,8,11,6,6,9,12,10,9,9,8,6,13,8,8,11,9,6,8,9,6,13,12,10,8,8,9,12,9,9,4,5,7,3,9,8,11,11,8,3
65,75,77,64,46,48,48,57,50,48,45,49,35,44,32,52,41,31,45,41,26,26,37,27,41,4,6,5,6,7,10,9,6,7,7,4,13,3,7,7,6,7,9,13,3,13,7,6,6,6,9,7,7,6,2,6,9,6,9,9,7,6,9,4
14,17,12,10,14,16,30,18,14,23,13,28,32,21,34,18,33,20,13,11,21,20,16,26,12,14,11,7,7,12,11,10,12,11,9,15,4,22,13,20,6,17,15,9,16,9,14,13,11,10,10,13,13,16,16,15,11,15,11,12,13,8,9,15
33,19,18,11,7,18,10,20,14,15,8,15,16,19,13,13,13,18,5,6,15,19,9,21,19,0,4,2,5,7,4,4,3,2,2,3,7,3,5,0,2,3,2,7,2,3,3,2,4,1,0,1,1,3,2,1,2,1,4,2,1,3,2,4
64,72,87,85,47,54,61,78,65,43,51,76,36,48,52,52,56,49,47,45,24,47,37,23,41,11,11,8,4,7,8,9,9,3,7,10,6,17,11,9,8,11,8,7,15,7,3,7,11,2,10,10,8,12,10,12,13,9,7,9,6,5,12,12
52,82,64,54,52,59,65,60,45,54,56,64,46,47,50,42,45,61,45,43,34,39,36,36,40,15,14,20,15,16,22,21,19,15,19,12,14,21,20,15,13,21,16,20,8,12,18,12,14,17,13,14,17,23,20,19,15,11,18,28,18,14,11,30
14,4,1,9,10,21,7,6,5,4,8,20,6,12,9,4,5,7,10,7,9,12,5,3,17,3,1,5,5,2,3,3,2,1,4,2,4,2,2,1,4,4,4,3,2,2,1,3,0,1,2,5,0,1,2,12,4,0,2,3,2,3,0,2
86,30,52,54,32,59,41,31,38,34,28,57,38,46,52,35,27,41,29,32,34,29,31,32,34,20,22,14,16,12,16,23,15,18,13,17,14,21,23,24,17,15,17,16,20,13,19,17,21,21,15,25,17,19,12,19,24,19,12,19,21,14,19,20
23,32,43,22,21,13,25,23,22,17,23,49,17,11,15,26,13,23,19,5,10,20,9,8,26,5,5,2,8,1,3,5,3,3,2,6,2,7,6,3,7,7,6,7,6,5,11,4,3,3,3,4,2,7,7,4,6,2,3,1,6,6,8,11
18,22,31,17,14,15,34,17,11,9,17,5,10,12,20,19,16,7,16,15,4,15,11,7,7,2,2,2,3,7,0,6,3,2,1,1,1,1,0,1,1,4,1,1,7,2,2,1,2,2,2,0,2,2,1,2,1,2,1,3,1,3,4,4
26,45,38,38,46,37,14,35,25,44,40,35,30,56,38,24,34,40,31,37,25,17,22,47,26,7,16,18,6,12,11,7,15,13,3,6,7,8,10,12,15,6,8,11,10,7,15,7,11,5,13,10,9,7,14,9,12,14,6,4,7,14,11,15
8,20,13,8,8,10,15,9,4,21,14,16,26,12,15,13,18,17,13,20,14,15,3,29,16,3,4,7,7,6,3,4,7,1,3,3,2,6,8,4,7,7,4,7,1,3,1,8,4,3,3,4,3,3,7,7,5,3,3,1,9,8,6,8
20,18,11,17,56,16,30,23,28,44,21,32,38,56,58,31,42,31,31,40,39,40,38,50,29,22,30,25,22,24,20,26,26,22,18,27,14,19,30,27,19,19,27,11,27,13,25,17,25,25,27,26,14,26,25,26,25,26,17,22,17,23,23,20
12,16,20,18,13,21,23,17,14,24,23,22,35,28,36,21,18,28,26,16,29,31,21,25,22,17,16,17,18,17,13,18,17,15,12,15,9,18,26,17,17,16,9,13,18,11,14,19,16,13,15,16,12,15,20,14,15,15,9,12,12,11,11,14
52,49,54,22,69,25,36,29,23,31,43,31,40,33,46,49,33,34,30,36,53,41,27,35,29,25,24,24,28,26,21,22,23,21,19,27,22,28,32,24,22,25,21,30,35,17,30,25,23,20,31,25,21,25,26,30,25,25,18,25,21,22,19,25
50,37,20,31,28,45,38,28,31,23,28,20,25,14,23,35,28,45,19,22,16,29,23,20,26,13,17,18,16,14,10,17,16,18,13,16,11,17,15,13,17,14,12,11,18,11,18,13,12,15,14,15,14,14,19,14,16,15,14,12,9,15,15,13
28,15,6,26,62,45,63,4,20,59,23,25,64,54,80,29,49,27,23,46,39,78,42,54,45,7,10,8,3,6,8,2,2,4,2,7,4,5,15,8,4,0,4,8,6,8,2,6,8,9,3,5,4,7,8,4,1,9,1,5,5,2,5,6
18,16,10,9,13,14,20,14,21,22,17,20,22,17,21,12,12,15,10,23,12,24,11,16,17,5,7,6,3,2,9,11,14,7,6,16,3,8,12,11,8,6,4,0,10,3,7,8,7,4,11,11,3,4,8,6,8,9,4,3,6,7,5,7
49,33,43,21,40,23,44,26,24,49,31,40,42,31,28,43,39,34,40,59,29,23,25,35,20,6,11,5,11,6,7,7,13,14,3,2,10,6,11,9,8,7,9,18,3,21,8,9,8,10,4,6,7,12,5,7,2,9,8,3,11,11,7,6
209,86,84,133,108,131,93,112,122,86,103,45,58,46,29,107,70,27,79,66,36,58,25,34,38,5,5,2,5,5,10,2,1,8,4,2,10,9,5,5,9,6,6,8,1,9,3,2,5,11,6,4,3,3,0,5,7,1,10,7,0,1,3,6
63,61,49,61,43,72,75,80,71,50,69,56,40,41,35,67,38,37,67,59,46,29,49,33,44,26,27,24,17,33,33,32,18,28,21,26,22,19,24,33,24,23,23,32,24,27,31,19,26,23,28,24,32,23,18,15,21,17,26,26,24,19,24,26
21,8,20,16,9,24,21,24,8,33,17,27,22,5,10,20,11,13,21,17,16,14,17,12,14,2,3,0,4,3,5,4,3,7,0,1,2,3,5,2,6,6,6,4,3,4,0,1,1,2,1,4,2,3,1,3,7,6,2,3,0,1,7,2
60,35,42,45,36,46,51,33,54,33,48,48,35,36,37,31,25,46,35,47,22,20,36,26,35,11,11,13,7,16,19,7,16,10,10,12,11,15,14,20,12,11,8,9,12,7,13,9,15,17,15,11,9,10,12,14,8,10,6,10,19,12,8,10
27,27,16,29,26,40,39,36,38,54,36,32,47,57,48,38,28,35,34,32,57,55,40,35,23,16,23,21,34,23,22,22,27,19,15,24,22,23,24,25,18,23,14,18,22,22,20,17,12,15,18,21,15,23,16,19,17,23,15,17,19,13,12,22
84,75,90,91,75,73,60,80,76,65,91,49,37,44,40,64,40,25,84,29,38,22,29,22,47,15,15,9,11,12,14,13,13,6,10,22,3,6,8,23,11,9,8,15,19,6,15,10,10,19,25,13,13,13,8,10,13,15,12,11,6,8,12,12
35,21,27,52,37,30,39,37,31,19,26,30,21,27,5,16,24,23,35,17,18,17,19,21,12,6,7,6,4,7,15,9,8,13,10,10,11,8,6,8,9,7,8,10,4,6,8,7,6,4,2,8,7,8,6,4,4,7,13,6,7,9,8,3
42,16,8,23,35,18,16,33,22,19,34,28,19,25,32,25,34,25,27,15,33,21,16,19,11,8,4,10,7,6,4,10,2,11,15,9,10,9,9,12,10,6,9,13,8,12,8,2,9,8,6,13,12,11,10,6,8,9,8,4,8,4,11,8
45,47,39,17,26,28,21,20,31,26,32,20,24,28,19,36,24,17,26,21,21,20,21,11,19,3,6,3,0,3,4,5,4,5,6,4,9,1,2,5,8,7,8,1,2,4,11,4,2,3,4,6,4,5,4,3,3,4,6,3,5,5,3,2
57,42,49,74,40,49,55,62,38,58,41,28,38,34,49,24,34,29,54,36,40,39,33,48,34,14,12,12,6,14,13,8,6,15,11,15,14,10,8,9,11,12,9,15,6,20,17,9,12,13,16,13,17,9,14,8,11,10,17,14,4,11,13,11
31,27,32,12,34,16,35,19,37,41,13,21,33,27,34,25,49,31,28,18,28,30,26,21,18,4,6,7,4,6,10,7,11,15,7,11,10,12,7,7,12,6,9,12,2,9,17,6,11,9,3,9,15,8,11,4,6,6,9,9,3,11,9,6
22,12,18,9,24,15,20,19,24,17,28,14,25,15,22,16,28,13,20,15,14,24,14,17,16,11,1,4,9,13,8,6,7,6,9,13,3,13,8,13,7,4,6,15,9,6,6,5,10,4,13,8,6,5,8,3,6,2,9,12,4,2,6,8
83,54,32,17,54,10,30,53,19,5,8,11,13,22,42,43,71,11,21,43,15,27,31,22,5,5,1,4,14,6,8,6,6,6,4,9,5,7,6,7,5,9,3,3,5,11,3,7,10,4,6,6,8,5,9,12,9,7,3,6,1,4,5,4
49,48,43,51,57,31,37,24,43,29,40,31,30,42,18,30,47,43,51,40,21,20,18,28,24,3,1,3,2,2,3,4,2,2,8,1,3,2,4,2,6,3,8,5,0,4,9,4,2,6,5,6,4,5,1,5,2,2,4,4,2,4,4,5
43,40,45,37,32,32,60,27,38,50,58,39,30,21,65,41,48,43,40,35,35,37,37,42,38,22,23,25,16,17,15,16,21,15,15,19,17,24,19,24,17,13,18,13,22,19,27,11,20,14,20,16,18,25,16,15,19,18,15,16,19,12,15,21
28,25,27,39,39,29,30,36,39,32,22,28,29,49,23,20,15,28,45,22,8,39,37,25,13,4,5,7,7,6,6,6,2,5,9,4,6,4,2,11,4,1,7,7,1,3,7,4,8,6,4,2,2,6,4,3,6,2,5,7,6,5,1,5
21,33,34,34,23,24,35,24,42,56,33,38,60,80,37,14,65,25,35,27,44,46,33,33,27,12,12,5,4,18,10,9,11,13,12,4,9,9,15,8,17,4,11,10,9,13,6,11,6,13,8,13,9,13,8,4,7,6,9,8,15,13,15,11
17,15,27,22,41,17,19,28,21,46,27,24,24,23,30,24,22,32,13,20,19,27,18,20,14,9,9,11,14,11,10,10,8,10,7,3,11,9,13,13,11,9,8,6,7,11,10,12,4,6,5,13,10,10,4,4,9,9,7,9,8,7,3,8
93,201,106,146,108,122,104,89,137,129,115,149,115,127,134,78,87,129,95,146,86,94,83,68,108,12,26,12,13,16,22,26,18,17,15,13,14,16,21,16,18,14,23,14,10,19,17,22,14,12,17,13,10,22,12,18,14,17,19,12,11,14,27,22
22,32,51,32,31,41,35,58,44,62,32,37,52,67,51,42,39,44,42,42,59,55,56,53,45,12,15,16,19,12,9,10,16,14,10,15,17,12,18,10,11,12,13,12,16,10,12,13,14,16,14,13,10,16,18,13,11,17,9,12,16,13,15,16
16,36,16,17,30,43,18,26,29,51,45,24,28,31,29,23,15,49,23,35,22,21,11,19,11,4,7,6,3,6,3,9,8,4,3,5,1,6,4,7,1,5,4,4,0,8,5,8,2,4,4,1,7,4,2,3,4,8,4,5,4,1,6,5
45,67,43,52,46,57,52,44,30,38,38,47,36,37,58,35,28,21,43,26,23,20,19,24,39,9,8,7,9,13,7,9,6,5,8,7,11,5,8,4,9,6,8,8,7,8,5,10,12,12,8,3,7,9,5,3,5,4,8,9,10,7,11,10
20,64,48,42,22,31,58,32,24,49,40,41,54,47,66,22,33,24,42,34,72,46,40,35,17,2,9,12,15,8,7,9,9,8,4,6,6,2,6,9,9,6,8,1,4,8,9,3,3,3,8,5,7,12,4,10,11,10,7,6,6,6,8,19
112,116,51,91,94,107,61,102,95,53,57,90,37,34,68,47,96,83,44,57,60,30,102,58,49,3,12,4,9,9,7,9,5,11,9,5,7,7,3,3,11,8,7,10,8,10,4,8,7,8,5,2,6,10,5,4,5,3,8,8,10,10,11,7
12,11,8,13,19,8,13,12,11,6,5,22,15,14,17,13,7,11,8,10,40,11,19,17,14,2,9,6,4,4,5,4,5,3,8,7,3,5,1,3,4,3,3,7,3,4,4,8,3,1,3,1,0,4,3,3,1,4,0,3,6,0,4,2
41,33,17,17,12,21,21,30,18,36,11,33,64,20,59,22,35,39,28,23,101,28,51,43,47,6,6,5,5,7,4,6,1,7,1,4,3,11,7,3,7,6,1,5,11,2,4,7,10,0,2,3,1,1,6,4,2,5,2,4,2,7,5,4
48,24,19,4,18,33,10,16,8,12,11,17,49,11,8,17,5,24,29,12,20,25,22,15,9,5,6,3,6,3,3,7,10,13,4,9,3,3,6,5,3,4,5,5,8,8,6,10,4,4,4,4,4,4,7,6,5,2,4,5,9,5,8,6
34,40,31,27,17,32,11,39,29,16,16,29,40,23,13,35,28,35,6,15,38,14,11,22,34,3,4,6,1,0,5,6,3,3,8,2,1,1,5,0,3,1,0,2,1,0,5,4,3,0,1,1,0,2,2,1,0,2,4,1,2,1,8,2
23,39,30,21,25,21,37,42,36,15,42,8,21,35,19,48,21,16,26,13,22,27,6,16,14,4,7,2,3,6,4,4,10,4,5,4,5,6,3,4,9,8,3,3,8,2,7,8,11,0,2,3,2,5,9,5,5,8,5,5,3,2,5,6
73,77,94,76,69,41,46,61,85,57,48,55,45,42,40,66,52,58,45,38,68,25,39,37,52,10,14,13,4,8,23,12,10,14,5,15,19,16,3,16,21,14,21,24,0,27,14,21,16,16,13,9,18,7,4,9,15,10,11,15,12,12,28,14
27,17,16,21,5,9,6,27,13,8,10,10,13,15,6,26,20,47,15,8,21,13,9,43,13,5,2,3,2,0,3,3,5,1,1,6,2,3,0,0,2,4,1,0,1,3,2,3,1,2,1,0,1,1,1,4,2,1,3,0,1,1,2,1
16,44,29,33,31,31,32,26,30,24,21,31,30,31,25,36,27,18,21,22,28,31,34,19,30,4,6,11,11,3,5,13,4,3,5,4,4,8,3,11,4,7,2,8,12,8,6,6,2,5,3,4,3,12,6,6,6,4,7,0,6,6,6,4
66,43,59,42,63,93,65,41,35,45,61,53,72,71,97,62,41,41,78,41,53,65,62,57,42,19,24,22,21,16,17,22,25,17,15,30,15,27,28,30,21,18,19,14,30,19,24,19,14,19,26,25,17,30,21,22,18,22,18,15,15,17,21,31
89,66,95,68,67,66,60,75,40,48,71,51,40,44,39,55,42,43,47,67,30,36,29,31,40,3,4,5,3,6,11,4,5,2,4,5,11,4,6,4,6,1,8,7,0,6,5,6,1,2,0,2,5,2,1,4,1,3,8,3,4,3,3,4
62,42,57,54,43,41,47,59,49,30,62,26,28,39,50,53,32,22,33,42,18,39,38,34,18,4,11,8,15,5,10,11,8,7,6,6,4,3,11,3,8,8,2,6,10,9,1,13,4,7,9,5,1,10,11,5,6,0,14,4,17,12,8,9
23,5,25,17,19,5,15,12,15,14,30,5,26,33,20,15,19,15,12,22,13,21,22,19,12,2,1,0,1,3,1,6,1,5,2,2,4,6,5,3,0,0,5,5,1,3,1,2,2,0,2,1,1,1,2,5,1,6,0,3,2,0,6,1
6,9,25,7,14,13,29,12,25,28,17,29,41,20,35,23,18,21,30,16,22,35,20,36,14,6,6,2,4,4,3,5,7,2,4,10,1,6,6,6,5,2,5,3,8,5,7,7,1,1,9,13,8,4,4,7,6,7,6,4,5,3,7,4
50,61,57,43,47,45,33,60,45,33,73,45,46,45,49,47,52,33,51,56,41,54,37,25,36,2,3,6,8,4,3,5,6,6,5,4,5,3,7,5,6,3,5,4,5,11,5,8,8,4,5,2,6,8,1,4,0,4,6,3,4,6,2,5
18,34,40,20,24,29,23,36,13,29,17,13,22,28,19,22,25,16,23,17,9,15,24,10,12,1,2,1,1,2,1,3,0,4,1,1,1,0,1,2,3,1,0,0,2,6,0,1,2,1,1,3,3,5,2,3,0,3,1,3,0,0,1,0
