28,44,20,15,37,31,42,43,41,18,59,43,46,27,96,76,33,44,62,42,91,45,46,49,82,51,44,37,30,20,38,36,27,16,52,48,13,33,14,20,39,17,89,24,50,31,37,20,44,12,11,26,43,15,42,26,194,22,93,103,46,34,47,24
31,21,24,18,20,26,50,35,44,34,54,34,51,30,78,71,36,36,52,47,52,61,19,24,74,21,33,53,39,16,40,17,17,22,33,28,20,23,8,10,34,19,87,19,40,36,42,28,63,29,7,48,83,8,44,27,232,27,84,74,47,46,45,13
40,22,33,20,26,37,18,32,43,40,50,29,59,22,73,73,43,56,51,28,78,76,32,26,75,13,16,40,41,12,39,37,9,19,28,34,7,19,14,7,15,15,80,21,32,24,16,32,83,46,8,46,45,19,48,43,217,7,65,79,39,24,54,5
21,37,40,18,32,24,31,84,21,32,41,25,30,30,60,34,61,26,59,58,61,42,55,44,70,37,24,27,19,41,38,18,36,15,21,32,45,29,15,31,19,13,67,19,28,27,18,29,50,24,18,18,87,22,45,9,190,27,56,80,36,17,35,18
26,20,30,16,21,40,31,37,28,34,44,23,20,16,48,24,20,28,68,54,73,46,82,34,69,38,34,39,27,31,32,12,26,21,32,24,22,34,19,14,17,16,77,25,38,23,35,36,54,13,12,28,35,11,37,11,193,19,65,104,43,22,91,26
22,17,18,11,27,34,24,25,24,24,51,32,31,15,54,27,21,28,64,50,70,43,44,31,64,18,39,49,37,14,34,24,22,12,28,28,14,21,12,19,15,8,98,28,36,20,22,18,50,14,15,41,60,15,31,27,218,15,81,104,49,35,84,6
18,33,18,13,17,41,31,36,21,24,53,31,36,56,81,32,26,24,57,53,66,51,66,65,56,14,38,21,30,14,23,21,29,14,23,50,22,20,15,24,19,12,87,25,31,27,15,30,68,17,10,40,77,8,29,23,221,4,64,92,38,29,49,14
35,13,30,27,14,31,36,79,47,30,67,28,49,31,56,53,38,28,36,34,76,52,73,24,50,32,29,50,39,25,26,15,35,11,40,40,18,19,15,26,20,20,65,20,24,19,17,26,58,18,15,61,41,35,46,27,122,11,65,87,27,34,23,14
33,38,28,10,17,34,50,85,31,35,68,34,46,21,65,30,38,17,45,47,38,37,24,37,48,23,17,29,48,23,27,15,76,27,19,46,23,26,14,20,10,18,41,28,41,28,18,25,51,29,10,30,45,21,47,19,172,6,54,49,29,33,36,11
22,23,22,34,28,24,29,104,37,41,56,25,34,20,61,32,30,27,24,22,51,36,20,27,60,21,27,44,23,22,23,22,49,21,35,37,21,30,12,20,17,12,61,18,56,22,35,17,49,24,14,53,38,7,37,20,161,25,88,100,36,32,74,12
20,32,24,19,15,25,28,21,26,32,32,41,31,30,95,30,28,26,49,36,43,44,41,55,58,18,16,29,33,27,32,28,20,16,33,38,12,18,14,22,29,32,65,20,36,29,54,26,53,30,17,46,76,17,57,24,185,21,63,69,41,10,49,10
21,30,26,27,36,27,28,30,47,18,49,45,56,37,50,37,27,25,33,44,73,34,33,19,66,18,45,34,29,15,26,21,42,13,19,40,26,35,14,9,21,11,49,23,32,32,6,31,47,29,16,50,65,20,33,12,188,6,50,57,41,48,24,13
43,25,32,16,9,25,26,78,23,18,46,31,48,33,46,31,28,24,53,56,47,45,37,30,71,24,26,28,22,18,28,12,73,16,30,44,54,24,12,12,12,12,62,23,39,27,16,24,46,38,17,44,62,27,43,19,154,18,31,63,30,23,65,17
53,45,26,35,17,22,22,152,31,28,40,46,73,38,47,46,53,15,24,35,39,31,37,13,53,18,15,36,30,23,18,18,65,21,8,35,21,14,10,16,15,15,47,27,35,35,21,20,56,50,24,68,29,21,46,25,90,30,51,39,34,24,27,10
40,25,21,21,16,37,22,97,45,21,38,31,36,19,52,29,43,22,28,47,86,48,42,8,68,14,22,33,33,15,30,31,30,24,32,29,14,30,19,18,10,15,56,16,26,28,5,25,62,33,15,38,57,36,58,9,164,16,70,76,33,23,51,34
27,16,26,28,17,36,55,37,59,14,43,23,29,22,59,24,25,30,51,35,53,37,56,21,44,19,19,22,30,17,13,15,16,11,16,46,9,21,17,12,23,14,69,24,25,17,32,17,62,25,29,29,50,18,32,24,195,23,52,78,40,33,45,22
36,22,13,26,20,20,26,117,28,25,36,36,80,20,51,23,43,22,29,31,90,29,68,44,45,22,27,14,29,17,24,20,20,20,15,37,40,24,16,29,17,9,37,15,22,27,18,26,37,39,22,32,20,6,37,18,98,19,47,56,21,29,19,19
52,42,14,29,21,31,25,59,32,31,30,20,54,30,43,42,40,30,27,25,33,33,19,16,57,12,33,28,62,14,47,24,40,15,13,40,20,18,15,12,35,6,40,24,27,16,9,17,66,30,25,63,29,41,45,35,99,13,42,44,20,20,18,16
40,36,28,27,13,16,28,133,27,35,36,34,54,17,59,47,53,31,40,40,57,54,27,18,51,24,21,20,33,23,27,18,43,18,19,26,26,27,4,26,24,7,37,18,35,30,11,40,47,40,19,59,24,18,28,15,90,25,41,36,27,11,16,18
22,20,31,18,31,24,11,76,35,20,44,16,40,16,39,35,37,27,36,39,56,39,48,24,60,15,32,31,31,40,27,22,14,8,24,33,19,30,11,13,28,6,50,20,45,24,14,10,35,20,13,28,38,21,39,13,115,6,51,74,28,28,52,16
46,26,32,24,24,32,35,175,41,41,30,26,41,31,34,48,72,15,13,18,24,32,14,20,52,17,20,27,22,18,22,11,68,31,13,35,31,27,25,34,26,11,24,21,23,28,13,29,34,34,31,39,17,18,33,8,49,10,19,35,33,8,22,8
41,26,13,31,15,18,39,131,34,18,48,34,36,23,41,31,78,29,42,33,37,66,34,35,41,24,17,32,28,25,26,9,35,15,12,33,26,21,19,23,23,5,28,18,29,22,20,14,39,50,24,34,30,34,21,10,87,17,25,34,32,7,42,20
40,22,18,20,17,16,23,27,34,20,36,25,34,21,51,33,44,27,46,22,41,43,43,22,49,12,34,21,27,18,22,12,37,15,23,31,31,25,18,13,26,11,41,21,29,43,26,9,42,27,14,31,19,19,30,15,117,14,52,61,30,22,26,10
41,27,18,14,26,18,46,131,37,31,41,30,63,38,46,50,41,17,19,23,32,27,31,20,44,10,16,26,23,13,16,15,33,5,9,23,18,12,9,25,35,15,41,18,23,19,14,29,43,24,15,44,25,19,29,9,64,18,42,36,25,16,13,20
28,20,33,12,10,31,22,31,20,30,43,35,40,13,38,19,36,22,40,31,38,47,34,32,58,24,32,28,23,12,26,15,25,5,22,26,22,12,15,13,14,2,30,23,22,29,5,20,39,25,11,31,25,19,21,4,140,20,56,63,34,18,17,5
3,1,3,2,2,0,7,19,10,5,7,2,14,2,3,10,1,14,6,9,11,8,6,1,30,3,6,16,15,0,10,3,3,3,11,13,14,5,3,5,5,1,18,14,14,17,4,9,18,5,2,12,3,4,17,2,17,2,6,12,9,0,7,4
6,5,2,7,7,5,7,27,16,2,13,4,9,10,3,21,1,8,6,11,15,10,4,13,28,6,4,18,21,8,10,2,5,8,13,12,21,5,1,8,6,3,20,14,8,9,1,13,20,5,2,5,5,6,16,8,21,4,6,11,7,1,8,11
7,3,0,5,2,2,19,16,10,9,9,4,9,6,4,10,8,9,2,12,10,13,9,3,35,12,11,13,19,5,15,6,5,2,8,6,12,5,3,3,1,2,15,14,7,11,3,7,25,7,2,12,5,5,12,3,19,3,6,16,7,3,12,6
7,3,7,5,3,1,18,29,14,6,5,8,6,4,2,7,4,3,5,4,7,14,8,2,19,11,4,20,27,6,4,3,10,7,4,7,10,7,2,2,5,4,11,6,13,11,2,8,30,5,4,8,4,2,22,3,29,7,8,9,7,0,10,5
2,1,2,7,2,2,14,24,11,3,4,6,4,1,5,5,5,10,8,12,12,10,11,4,33,7,9,13,25,4,7,4,3,3,6,8,13,6,3,3,3,0,22,15,14,13,6,10,25,2,2,9,5,3,14,4,30,4,8,16,6,7,9,5
7,4,4,3,4,1,8,23,9,6,10,5,11,5,4,11,1,14,6,6,7,12,12,6,32,6,8,12,17,1,12,4,2,2,5,17,14,7,0,4,6,3,26,14,14,18,5,10,23,3,5,10,7,1,16,4,22,3,9,22,11,4,3,7
7,3,1,2,1,2,14,28,15,8,14,4,15,4,0,18,5,3,3,10,4,12,2,3,32,6,7,18,25,10,9,5,1,3,2,24,6,3,2,1,7,2,26,12,17,17,2,13,32,5,5,9,9,8,22,4,30,2,4,7,4,3,12,8
5,4,7,8,9,2,15,23,12,9,3,4,10,10,1,12,2,13,4,4,9,11,6,1,25,12,6,19,18,10,9,4,8,6,7,11,8,6,3,0,10,6,16,16,12,14,6,11,27,2,1,11,5,3,11,5,22,2,8,14,9,2,7,4
6,4,3,3,2,1,9,12,7,10,3,5,8,2,4,14,9,8,7,8,5,11,15,4,45,4,9,10,13,2,14,2,3,3,5,3,7,7,4,5,5,5,12,16,18,22,3,12,24,4,2,14,7,2,14,4,24,1,11,26,16,1,7,6
3,2,4,5,1,2,11,15,12,3,2,1,6,2,2,6,4,10,2,4,8,11,2,1,24,8,9,13,18,5,1,2,6,2,5,16,12,4,3,1,13,0,25,11,18,14,4,8,22,1,2,5,5,3,12,4,21,2,10,11,7,3,7,8
2,2,7,3,4,5,8,12,10,2,7,1,5,3,4,7,4,7,2,10,12,13,8,3,36,9,17,11,21,9,9,4,1,4,9,11,15,11,1,4,11,4,28,16,17,13,3,8,23,0,2,13,4,3,23,2,18,5,10,10,10,6,8,10
13,1,0,4,3,0,23,25,13,8,6,0,4,2,0,8,8,6,3,5,10,12,12,7,28,6,7,14,22,5,6,0,6,2,7,8,1,3,1,3,0,3,15,13,16,17,5,3,28,1,4,7,2,1,15,6,29,4,8,18,6,3,8,0
7,4,1,2,3,3,10,44,20,7,12,4,9,2,1,9,3,1,2,10,6,11,5,4,10,10,6,23,28,8,3,1,3,5,4,19,14,5,3,0,3,1,31,12,12,13,7,14,36,4,2,7,6,5,19,9,33,5,3,6,4,5,14,3
15,6,2,0,1,2,12,25,13,6,11,4,21,13,4,15,6,7,7,13,10,16,11,4,21,0,7,18,22,7,4,2,3,3,10,10,8,9,1,7,3,2,25,14,12,10,3,14,21,5,2,10,6,3,15,9,28,6,10,15,6,10,18,5
7,6,3,7,3,3,11,22,12,8,11,4,17,4,1,12,4,9,6,9,4,22,2,5,17,8,4,14,23,1,10,3,4,2,4,17,7,4,2,8,12,2,28,13,14,12,9,15,28,2,2,17,6,4,20,4,24,2,7,19,9,9,11,11
11,10,1,1,6,1,4,18,16,7,5,5,13,2,3,11,7,13,5,5,13,16,5,1,28,9,14,14,17,3,20,5,2,4,2,10,7,2,5,4,4,2,23,15,16,15,5,11,24,3,2,18,1,0,14,6,19,2,8,18,20,1,8,8
3,2,1,2,2,0,15,24,13,3,10,8,9,4,1,8,3,6,2,5,9,10,5,6,26,6,9,13,26,9,5,2,4,4,6,15,7,6,3,1,3,1,18,12,11,10,2,11,25,7,2,7,6,3,20,5,28,5,6,6,8,3,5,7
6,3,2,1,2,1,10,21,13,6,5,5,13,7,4,12,3,5,1,12,11,11,5,3,15,6,6,17,25,6,8,2,9,12,7,13,13,6,4,3,4,2,24,9,13,10,3,8,19,5,7,7,5,6,16,7,25,5,4,6,8,5,11,5
4,5,6,4,3,3,7,25,12,10,5,7,7,2,3,8,3,7,6,7,10,5,7,6,24,5,11,23,25,7,7,3,2,1,3,11,12,7,2,4,7,2,25,12,10,13,9,16,24,2,4,5,11,2,20,11,22,7,4,13,11,4,12,5
9,5,1,5,2,3,12,20,15,6,7,5,11,6,0,12,4,9,2,4,7,17,4,6,17,7,12,17,22,3,7,2,4,2,5,14,10,5,9,3,7,2,31,14,15,9,5,14,33,5,1,6,1,1,19,2,24,4,9,2,5,2,7,7
7,6,2,6,5,1,11,30,13,7,8,2,6,1,0,12,8,10,6,8,11,5,9,6,33,8,12,12,19,6,9,5,5,0,3,9,5,7,2,4,5,2,30,13,14,11,3,16,25,3,0,7,7,2,21,5,28,1,7,15,8,2,9,7
9,2,1,3,4,2,8,17,12,8,6,9,15,8,2,11,8,9,8,12,6,22,12,7,22,6,7,12,22,0,7,5,4,5,2,18,9,6,3,3,11,1,30,18,14,18,2,13,27,1,1,10,3,3,17,3,20,2,9,19,5,4,14,7
3,2,1,2,3,0,18,21,19,11,15,5,10,5,3,7,7,4,3,11,14,17,11,3,12,9,7,19,28,2,6,5,5,2,7,6,8,6,1,4,3,3,14,9,9,9,3,8,28,7,0,14,4,6,15,7,29,2,5,10,4,4,11,10
7,7,4,1,4,2,6,22,10,3,4,5,13,3,2,11,4,12,4,10,9,17,9,1,28,8,9,14,20,7,9,3,1,3,8,13,8,4,3,1,11,1,13,10,15,11,3,12,24,3,4,10,6,3,13,4,21,0,5,14,11,4,5,8
12,1,4,1,1,1,12,15,9,5,5,0,12,1,1,12,5,6,2,10,8,13,3,4,25,9,5,15,20,6,13,4,2,3,3,8,8,5,3,1,4,4,31,10,14,11,4,11,23,4,0,8,2,0,14,6,25,3,8,16,10,0,11,4
6,4,0,5,3,3,9,20,9,4,8,1,12,2,2,16,3,5,11,5,4,9,7,5,26,9,14,12,17,2,9,3,6,8,5,14,9,5,5,3,7,3,29,12,13,13,3,12,26,0,1,14,5,5,16,10,24,2,8,9,5,4,9,6
9,6,3,4,6,6,12,16,12,5,5,4,11,8,3,6,4,4,3,11,3,18,11,1,21,9,4,15,21,2,11,2,4,2,4,14,9,7,4,6,6,8,28,15,15,13,3,13,23,5,3,7,1,3,18,5,22,5,6,13,13,0,3,2
2,0,3,1,2,2,12,14,12,8,6,5,11,1,1,9,1,4,4,4,5,12,4,5,26,7,10,13,17,1,6,5,4,4,4,8,7,6,1,5,1,3,23,14,9,12,4,13,25,5,2,10,6,1,15,5,21,4,8,17,11,4,6,9
3,8,5,4,4,4,8,14,15,3,8,4,13,10,8,9,3,4,7,5,19,11,7,0,29,6,4,18,21,3,10,6,4,5,10,13,12,7,3,5,5,0,20,15,17,17,4,9,22,0,1,10,5,5,15,3,22,7,18,30,14,8,10,11
7,2,1,4,4,2,11,20,17,7,2,3,10,2,3,9,7,6,0,5,9,5,2,1,34,6,7,22,25,6,8,4,4,2,9,7,10,5,2,1,11,2,16,11,12,11,1,11,25,4,4,7,3,4,18,0,24,3,8,11,5,5,9,8
2,6,4,3,6,3,8,14,11,7,5,1,10,4,5,13,3,5,8,5,10,17,8,7,30,4,8,12,15,1,8,5,5,5,6,8,10,10,3,2,10,1,14,12,14,17,2,14,19,2,0,11,4,6,12,5,26,2,11,16,9,2,5,9
4,0,2,2,1,1,10,12,16,11,7,1,10,7,2,12,2,3,4,7,7,16,5,4,24,6,10,10,18,1,6,6,0,3,4,10,6,5,3,0,2,2,24,17,12,19,3,8,27,3,3,10,5,5,15,5,28,3,11,11,8,5,6,6
1,3,2,1,1,1,5,12,14,6,6,8,12,3,2,13,4,12,5,10,13,10,10,4,40,13,8,13,12,1,11,5,4,3,4,7,8,5,3,3,4,2,13,13,12,15,2,6,17,3,3,11,4,5,19,8,19,2,8,17,12,1,3,7
2,7,0,1,3,0,3,18,9,6,8,5,11,1,0,11,1,9,6,3,6,14,3,4,28,6,12,14,22,2,9,2,3,5,6,12,9,6,2,4,4,2,22,10,16,14,4,7,23,3,2,11,7,1,15,5,24,7,8,10,7,3,7,3
5,1,3,3,1,1,7,11,14,5,4,1,15,5,3,17,6,9,6,5,8,15,8,4,22,2,9,11,23,0,12,4,3,3,5,10,6,6,2,2,3,3,21,12,16,13,4,7,21,0,4,12,3,6,17,10,19,1,6,10,10,5,8,0
4,4,4,3,2,1,9,11,6,3,4,3,9,3,3,9,5,10,5,5,19,8,7,6,42,7,12,10,14,2,12,1,3,4,8,5,11,9,4,8,5,4,7,10,19,15,0,10,15,4,1,11,4,3,13,3,17,6,10,17,13,1,6,7
6,4,1,1,3,4,9,28,16,5,8,2,9,1,0,9,5,3,7,7,8,9,8,1,13,10,8,20,22,2,7,1,3,5,3,8,10,1,0,0,1,0,24,9,15,5,4,15,29,2,2,2,1,8,17,7,27,4,1,7,5,2,8,10
9,7,2,4,5,6,12,28,13,10,9,3,10,4,3,9,4,8,4,5,10,12,4,4,25,8,8,14,20,9,8,0,0,4,9,12,8,8,0,4,2,1,24,13,16,15,4,19,24,4,2,10,3,1,16,9,22,3,8,12,7,5,7,3
5,3,0,5,2,5,8,27,11,7,6,7,12,5,4,18,5,12,4,7,12,23,8,5,27,9,7,17,21,6,8,2,4,8,7,14,15,9,2,2,4,3,14,10,18,20,3,18,21,1,2,10,3,1,16,7,19,7,11,10,10,7,8,10
