60,55,74,69,66,50,65,69,55,53,63,55,82,51,62,65,63,78,75,57,63,59,60,61,54,81,74,73,60,66,71,52,52,64,54,77,56,56,67,58,73,69,62,61,65,61,54,66,77,71,63,56,62,71,47,53,64,58,73,63,61,67,57,62
69,65,60,52,62,78,62,66,57,77,87,70,50,61,66,76,68,73,62,66,73,58,73,72,64,61,52,68,77,73,60,54,68,65,66,50,56,64,67,60,93,68,66,66,58,61,61,56,70,57,78,78,68,58,61,66,70,70,59,62,69,75,66,93
31,31,44,17,32,37,35,45,47,34,34,27,45,45,41,35,45,45,32,42,45,22,28,25,29,41,29,29,37,28,46,50,36,31,26,35,42,47,36,41,48,30,34,42,22,30,33,29,45,41,34,32,28,46,49,40,32,42,48,34,46,40,33,42
36,46,50,51,51,53,60,58,38,53,54,60,63,53,42,46,55,66,49,53,51,47,53,43,46,46,56,48,60,56,60,46,46,47,59,65,57,47,50,49,60,43,44,48,54,51,50,55,51,54,50,57,60,64,43,41,48,53,72,52,47,48,48,52
39,41,28,26,33,32,31,39,41,35,31,31,39,36,34,33,31,40,37,38,42,33,22,38,35,33,28,38,32,32,34,44,31,30,29,42,37,38,41,37,41,39,45,38,38,21,33,34,36,37,39,30,30,41,48,34,31,33,43,36,40,45,41,35
44,39,48,35,39,53,53,45,48,32,39,54,48,52,34,44,51,48,48,43,48,28,43,49,42,44,40,34,56,48,39,50,33,37,54,52,47,42,51,36,46,44,38,43,31,43,51,51,36,42,28,51,53,41,49,33,39,52,54,50,40,49,30,41
110,106,120,86,98,106,119,108,96,111,121,120,103,118,133,102,95,108,116,127,119,96,102,115,112,112,97,95,109,119,105,107,111,115,115,101,118,136,101,111,115,120,122,127,92,90,115,104,117,108,101,108,122,102,114,119,109,111,98,112,143,120,99,114
59,64,60,63,68,64,73,59,53,60,63,66,70,79,63,82,63,74,69,65,75,60,62,59,69,63,65,71,66,66,66,70,58,66,65,67,82,63,80,62,67,57,62,61,59,68,60,66,61,71,57,62,72,62,67,58,78,63,75,71,70,64,63,55
21,13,9,19,15,18,22,22,22,21,23,18,22,14,9,9,17,12,19,15,8,16,17,21,17,10,22,22,23,27,21,22,14,20,13,23,15,11,10,18,13,21,16,7,20,19,19,22,16,22,21,18,19,19,15,9,15,19,20,14,15,9,14,16
26,21,25,22,30,18,17,25,15,22,30,24,33,20,27,34,30,22,20,28,23,20,28,23,21,26,20,32,26,16,36,20,20,33,27,30,17,27,29,19,21,26,21,31,23,27,21,19,22,19,28,24,16,36,22,23,25,28,22,14,23,32,20,20
37,29,41,41,41,32,45,51,23,42,38,35,38,33,40,36,53,27,37,39,37,36,46,34,39,43,39,47,33,40,53,27,45,37,41,37,37,40,36,42,33,36,38,39,42,43,30,36,38,37,50,33,39,47,29,41,38,51,30,31,35,35,32,39
18,17,15,16,15,11,18,8,10,22,17,21,12,23,24,22,23,13,25,21,17,14,15,14,18,14,11,17,11,20,11,15,18,21,22,13,19,25,22,19,13,24,21,21,16,16,13,17,14,12,16,18,22,11,21,23,21,22,14,25,24,21,20,15
64,63,51,61,85,61,53,62,70,62,68,64,61,79,54,60,70,57,72,71,64,58,82,58,55,60,64,79,68,54,56,69,53,64,67,59,76,54,59,66,55,68,69,65,63,87,55,49,59,58,68,63,63,59,81,46,60,71,51,65,57,72,59,64
49,53,44,43,52,59,60,60,35,51,57,65,39,53,45,49,76,56,63,69,46,48,54,50,54,50,46,54,63,51,59,48,47,51,76,51,65,54,45,58,51,47,52,46,51,57,52,53,51,40,54,58,56,47,45,45,50,80,48,58,57,51,50,55
79,67,71,73,70,66,73,75,63,72,78,71,77,75,76,65,78,63,89,89,79,79,91,81,66,76,71,55,68,67,73,70,72,84,75,71,80,82,67,80,70,80,82,77,75,85,71,58,67,62,64,71,70,71,68,70,71,85,71,85,80,80,77,83
53,53,64,61,58,56,63,71,53,50,61,65,56,47,55,50,60,49,49,59,59,52,55,60,56,56,70,61,65,66,76,56,45,57,56,60,52,53,62,63,43,50,54,68,64,54,61,60,65,59,58,62,62,63,51,47,54,59,49,45,59,61,60,46
23,15,24,17,21,25,17,20,19,17,18,15,12,16,7,19,22,17,23,14,21,16,25,18,16,24,20,15,25,18,18,19,18,18,12,16,16,12,24,24,19,23,18,19,18,22,21,19,23,19,18,23,17,18,20,10,21,20,16,20,13,15,23,20
119,111,115,115,98,116,109,103,114,117,122,98,111,113,99,114,115,116,116,110,105,118,101,105,100,101,114,102,114,104,105,115,112,118,99,110,102,90,107,117,118,116,117,104,123,100,103,102,101,110,105,117,101,109,106,111,116,125,113,116,108,104,115,113
67,80,89,78,80,68,73,74,79,67,80,70,73,79,65,72,71,64,88,84,66,89,72,59,73,83,93,78,80,66,71,69,71,75,72,72,74,64,76,82,68,79,85,71,87,74,58,78,85,78,69,79,75,74,58,68,67,74,68,90,79,70,87,71
26,48,38,51,43,38,39,39,40,31,42,34,33,46,44,34,44,48,29,46,54,61,33,23,35,36,45,38,38,37,35,36,30,35,38,42,38,46,44,51,44,26,41,48,62,40,33,44,37,38,33,41,37,35,35,39,36,39,43,36,54,49,58,37
60,50,38,35,42,46,54,46,43,34,39,50,72,54,37,42,54,71,53,62,51,44,56,61,53,40,28,29,40,52,54,50,32,33,38,77,48,42,53,51,64,52,54,37,37,40,53,47,46,34,30,36,42,65,52,36,41,46,62,49,50,53,44,60
67,48,63,46,58,66,55,72,63,59,46,51,58,67,59,54,63,67,52,44,55,56,65,77,50,67,50,52,56,46,70,67,53,48,58,63,62,52,47,51,55,55,44,55,53,62,75,47,70,50,45,51,48,56,63,54,46,57,57,55,54,56,55,57
62,54,64,71,65,67,53,66,64,62,62,62,64,78,59,73,54,62,57,55,61,83,55,64,56,70,67,65,58,61,66,78,62,64,52,65,72,58,66,55,52,57,61,59,80,58,63,54,72,51,62,51,53,60,74,63,67,49,58,63,59,64,68,56
42,63,72,68,59,52,55,52,61,51,53,47,51,53,59,46,39,53,59,63,56,57,50,38,50,69,66,61,52,47,47,45,48,53,42,48,61,57,41,45,54,48,57,60,54,48,43,53,53,62,51,47,45,48,40,58,54,43,49,68,53,43,53,50
113,103,116,121,129,84,87,103,139,126,126,130,123,116,121,98,119,98,98,93,120,127,113,120,104,105,120,143,98,101,103,130,115,127,124,108,102,121,101,119,104,125,95,128,113,113,104,107,106,120,133,113,115,122,140,131,117,113,109,107,108,110,124,113
45,37,33,36,23,33,40,38,44,46,50,61,60,35,51,48,41,28,42,55,34,35,25,39,39,34,37,30,29,47,46,37,52,45,54,46,43,56,45,34,27,45,43,37,36,22,36,41,31,38,39,42,59,60,40,51,46,40,33,39,52,42,37,27
50,46,42,57,53,43,62,59,43,40,56,50,54,50,38,44,67,55,47,55,48,50,51,50,52,51,46,49,51,58,60,52,42,38,53,55,55,41,56,57,51,49,44,46,50,44,38,54,57,42,49,52,55,55,55,37,39,60,60,43,46,53,50,41
107,77,113,104,85,102,107,96,99,101,112,100,90,85,97,95,86,98,101,96,95,87,88,92,83,104,101,91,108,102,94,88,94,98,90,79,86,99,84,88,107,108,83,109,90,81,92,93,93,99,99,115,99,95,86,94,93,92,101,102,100,93,86,93
61,52,63,42,53,46,60,54,47,46,38,58,48,39,46,44,78,60,45,44,57,53,44,65,59,64,40,49,37,49,45,42,55,40,59,50,42,45,50,80,51,51,41,52,39,51,57,62,51,40,48,38,47,46,41,50,41,61,61,43,41,54,72,52
46,40,28,37,42,41,35,48,46,43,39,45,57,49,39,44,48,38,40,47,44,45,38,47,40,39,43,39,37,38,49,45,46,36,56,47,41,35,51,45,28,46,43,29,33,42,42,39,35,36,31,34,35,53,49,41,41,47,46,38,36,46,42,35
61,65,76,58,55,58,75,84,88,66,70,83,84,63,72,83,78,54,55,68,78,67,74,65,66,74,67,47,57,79,103,83,70,69,82,61,62,76,80,79,68,61,66,69,58,66,66,74,78,83,65,61,81,94,77,73,71,81,50,60,75,70,72,71
46,40,38,44,33,28,42,43,47,31,39,53,44,46,43,43,43,41,57,44,35,39,47,43,36,47,44,30,36,47,44,46,34,39,49,43,55,45,48,41,43,47,39,33,38,42,38,41,43,42,27,41,50,45,49,38,35,43,45,53,47,40,39,53
90,86,78,63,86,83,109,71,90,81,51,89,88,63,78,88,63,74,87,94,65,58,92,87,106,82,76,85,71,113,84,78,74,62,86,87,75,81,82,49,74,92,86,74,56,88,79,102,76,93,82,63,101,87,65,67,71,73,79,84,84,80,55,81
82,81,67,105,90,89,82,73,89,76,97,77,86,80,75,89,82,98,67,80,65,78,91,80,82,64,95,86,97,90,71,78,89,104,81,100,84,81,79,90,101,78,83,67,95,109,92,84,85,95,91,108,87,83,91,76,94,89,112,74,78,75,86,101
71,69,76,78,59,64,92,73,51,58,74,66,85,67,71,92,74,69,94,72,76,66,71,59,80,78,73,54,71,85,74,49,61,79,70,85,69,74,89,71,64,84,63,71,78,60,51,87,66,61,56,75,69,84,58,77,81,83,79,91,74,76,59,67
83,84,78,86,99,79,85,83,82,95,76,76,64,71,104,75,68,77,73,92,73,74,79,86,90,83,89,99,85,98,75,70,105,76,66,73,74,99,84,66,74,87,86,80,77,90,81,83,81,87,98,89,80,64,60,103,80,61,72,79,88,85,67,75
92,86,86,93,94,84,88,75,74,95,72,67,85,71,94,86,78,80,72,77,86,106,87,107,88,82,79,90,91,78,71,69,84,85,77,92,73,91,89,80,85,81,82,77,101,92,104,92,84,68,86,84,68,83,73,93,82,80,82,74,86,84,88,93
24,39,30,30,33,29,38,31,25,25,32,35,38,21,29,32,34,23,30,43,31,35,24,31,33,32,24,35,26,37,36,26,23,33,41,34,29,41,33,32,23,25,41,31,34,37,32,32,32,28,32,25,40,33,24,23,38,40,30,30,44,28,34,29
35,31,18,34,28,37,29,19,24,31,25,22,22,30,32,25,22,36,37,37,21,35,28,32,34,22,28,31,33,31,22,24,28,23,25,29,34,29,29,28,32,31,36,19,39,35,31,33,22,27,30,35,27,19,21,29,27,25,34,36,43,25,35,32
62,73,54,49,69,57,70,59,53,57,56,47,68,62,68,53,52,69,63,53,51,66,65,57,72,57,49,66,49,60,59,57,63,58,50,74,64,52,54,56,70,54,59,58,57,58,54,74,61,53,70,54,63,63,56,62,53,54,60,72,47,52,66,67
11,27,13,12,15,29,21,19,19,14,21,12,13,25,12,22,13,27,9,24,19,22,19,19,28,17,13,17,27,15,18,26,14,19,14,17,24,14,25,16,25,8,29,18,21,20,26,23,19,19,13,25,13,15,33,15,22,13,22,17,20,16,22,24
97,85,97,78,84,91,79,81,73,86,78,91,97,83,79,86,89,69,70,80,88,87,74,94,73,76,69,88,84,86,84,81,73,82,85,86,77,73,78,92,69,76,88,99,83,77,96,82,80,77,95,82,95,91,83,72,84,87,81,63,76,79,83,72
56,59,56,55,48,64,59,59,59,69,62,76,63,61,63,70,58,49,50,58,51,59,47,60,65,55,59,51,64,57,68,64,68,68,74,53,54,58,60,51,51,55,49,54,58,46,62,64,58,59,49,62,67,67,66,67,76,68,46,47,54,57,54,48
31,44,43,34,36,35,38,37,38,38,40,35,39,40,36,42,50,54,49,51,48,48,48,33,35,36,38,42,41,37,39,37,37,38,39,49,42,43,40,62,57,39,47,44,32,44,31,45,40,38,38,38,31,38,35,41,43,47,57,52,44,44,46,50
193,186,185,163,179,181,167,169,198,149,151,182,154,153,164,128,140,170,167,161,178,174,190,198,197,191,178,175,167,174,168,186,154,158,181,165,155,164,135,162,177,195,179,201,168,180,194,192,180,175,144,131,177,169,186,167,148,147,164,161,155,158,177,173
250,229,193,252,185,231,170,207,210,193,211,190,225,187,222,214,151,227,212,173,202,228,189,240,200,219,229,197,219,174,194,207,203,222,190,241,195,199,206,176,203,235,209,199,247,201,237,183,210,229,198,229,171,207,193,224,229,168,244,203,177,201,200,192
28,32,40,37,35,43,25,39,33,41,42,48,47,34,31,34,57,31,35,32,28,35,28,40,31,41,37,39,45,30,36,37,37,32,59,37,36,36,30,38,24,31,30,32,39,36,46,26,32,42,43,38,37,34,34,41,39,62,36,37,30,32,32,28
205,252,259,217,241,220,197,236,255,236,195,226,215,233,193,200,232,219,202,232,267,235,229,205,233,228,231,239,215,186,237,257,227,198,223,220,220,204,211,241,222,207,250,263,226,233,213,217,231,235,252,203,197,225,255,212,208,232,227,214,216,232,245,212
33,43,33,42,39,41,42,48,52,43,42,57,36,46,44,44,45,50,41,41,41,51,51,33,45,38,53,45,48,46,45,42,50,43,51,35,46,37,46,41,54,31,38,35,41,38,36,41,37,50,45,53,50,39,37,42,39,47,40,46,35,36,48,51
111,75,95,120,130,111,86,94,113,114,110,108,90,106,110,103,93,109,112,82,100,121,128,99,84,102,112,126,109,95,91,105,120,111,102,90,100,102,113,95,109,108,84,93,115,136,113,83,100,105,118,120,104,87,104,118,114,95,105,114,90,103,107,119
30,43,40,35,38,40,41,40,41,32,44,30,44,47,40,31,39,39,38,41,32,47,41,36,42,36,33,34,42,38,41,39,34,46,33,40,54,39,26,37,40,29,45,38,40,35,41,37,41,35,33,44,42,45,46,39,35,33,39,46,41,32,41,46
4,3,5,5,9,12,8,4,6,5,8,5,7,3,4,4,9,7,8,9,5,8,6,8,3,4,7,10,8,7,6,3,3,6,4,8,6,7,3,12,6,6,6,5,5,7,10,3,3,8,7,12,7,7,1,3,5,4,8,9,7,6,12,4
133,130,113,124,122,136,122,112,120,123,140,108,108,127,145,131,98,118,137,119,118,141,140,133,134,122,117,111,126,129,109,130,138,147,90,98,132,148,121,114,132,138,129,124,131,122,130,128,125,128,116,137,116,107,130,150,142,84,101,128,144,129,133,151
24,31,35,28,25,44,40,32,22,37,27,21,22,38,27,21,31,20,32,30,33,32,22,27,36,33,28,26,38,33,25,27,39,22,20,15,35,32,25,33,24,26,26,34,30,27,39,42,33,27,28,34,25,26,34,33,22,23,18,34,33,29,34,24
39,41,47,50,51,45,40,43,44,48,55,44,43,46,59,67,64,58,42,43,39,40,46,36,47,43,54,45,39,43,48,40,49,59,44,45,49,54,65,54,52,35,43,50,39,40,35,34,43,50,47,49,39,41,47,57,66,51,46,46,52,63,49,56
6,3,8,6,5,5,5,5,2,5,3,4,2,7,5,2,4,2,5,1,4,5,4,5,3,8,5,4,5,5,4,7,7,2,5,2,3,4,2,5,2,4,3,6,6,4,6,4,5,5,4,3,8,3,6,6,3,5,1,3,2,0,2,2
37,24,23,31,28,26,29,23,41,24,23,28,30,28,19,28,37,25,31,22,28,21,37,35,29,22,34,35,21,26,28,38,22,32,34,31,21,18,20,34,34,41,22,26,25,31,29,26,22,41,32,24,31,35,33,17,29,33,29,27,19,25,28,34
22,29,28,31,29,26,25,31,36,25,30,27,17,33,21,37,31,27,24,28,33,26,29,23,31,31,31,26,27,26,28,45,26,37,31,23,25,29,39,32,23,22,31,32,26,28,26,26,34,33,33,32,26,19,40,20,37,33,22,21,29,37,29,26
155,176,158,159,130,155,151,151,150,182,145,150,142,139,175,156,140,144,147,145,151,129,131,154,157,149,150,141,140,164,142,139,190,149,150,140,150,170,153,153,158,154,162,160,145,142,167,170,174,161,166,147,168,146,148,184,155,143,148,140,151,158,138,147
48,63,52,65,67,43,57,48,74,83,65,55,63,64,66,64,61,54,53,58,66,40,70,46,58,48,72,70,52,65,59,61,84,63,55,55,63,56,63,47,61,51,72,59,52,68,49,53,40,81,87,54,58,58,61,74,61,56,51,56,54,63,44,69
52,52,53,64,59,57,58,40,39,64,56,44,40,57,77,60,37,52,50,42,46,40,48,53,61,48,61,60,61,58,42,34,63,55,39,42,55,75,57,42,53,55,48,48,52,55,57,54,44,51,60,57,57,48,53,64,53,39,41,57,63,47,43,49
68,65,69,75,55,59,52,66,67,74,56,55,60,68,48,72,72,64,64,52,71,70,62,69,77,79,65,56,55,50,59,70,78,67,71,65,66,50,71,69,57,66,66,68,72,64,59,67,71,65,73,56,53,52,72,62,61,63,66,60,51,71,75,54
84,89,88,87,105,115,107,76,61,75,82,91,69,88,88,102,105,89,99,98,100,96,87,90,87,86,65,94,110,107,70,68,79,90,103,86,94,96,106,116,82,81,84,79,85,103,112,101,81,58,73,100,111,77,76,81,88,102,93,101,96,89,96,78
50,74,60,73,69,58,72,92,93,84,71,77,62,90,76,77,67,65,72,64,51,70,65,52,66,60,77,78,60,72,87,100,91,72,80,64,77,62,66,64,63,61,63,56,77,72,57,78,80,80,84,71,77,71,80,75,75,69,65,75,72,53,74,61
