78,45,92,67,84,39,55,59,41,27,128,72,39,162,73,21,67,66,70,51,32,53,65,38,51,49,228,79,49,69,67,34,84,50,106,61,44,26,38,49,43,76,60,37,34,49,45,59,63,27,44,126,107,49,63,22,68,55,95,75,88,59,114,30
73,35,90,97,81,38,70,77,41,38,93,62,20,156,70,30,62,82,66,46,33,65,70,43,63,32,237,70,50,83,96,45,56,51,122,61,44,27,53,43,29,60,67,50,32,48,52,64,70,16,35,121,119,49,48,31,54,51,61,69,78,76,110,35
64,37,80,79,74,26,48,83,29,50,89,72,25,146,67,20,65,61,58,53,25,56,61,39,66,54,238,95,46,71,87,34,77,58,119,54,46,18,40,58,40,70,80,40,24,40,48,43,44,20,47,129,93,63,71,33,74,65,78,87,99,77,127,36
76,35,93,82,64,42,62,72,37,42,99,76,31,157,76,22,68,71,61,48,31,62,67,41,63,47,247,84,51,81,87,36,71,50,93,41,40,13,45,36,37,68,65,45,23,43,42,56,43,24,36,142,105,41,57,40,71,56,73,82,104,77,127,39
76,33,105,92,77,33,54,97,38,49,107,77,29,144,61,18,64,69,65,52,22,72,68,52,55,50,196,71,38,89,83,43,52,52,105,49,47,20,38,53,37,70,65,51,37,45,53,56,43,19,40,124,107,51,61,25,82,55,91,84,92,68,120,25
80,40,86,67,66,35,75,72,48,43,96,65,23,174,77,28,63,72,49,39,42,72,71,35,50,41,215,67,53,62,75,49,78,56,106,51,52,21,44,44,34,64,85,43,42,35,54,64,71,30,42,106,94,42,75,32,71,54,74,88,111,57,112,34
90,43,83,74,67,34,50,77,46,42,100,71,38,159,49,21,63,59,61,42,34,62,69,49,62,62,231,85,58,86,80,41,63,50,105,51,47,13,40,48,32,50,60,50,26,40,54,63,63,21,45,139,111,39,54,31,66,56,76,71,114,66,125,39
76,42,76,64,65,28,65,55,31,43,97,76,23,162,55,21,82,68,50,45,41,59,58,41,64,53,246,85,55,67,81,48,75,60,113,46,39,21,38,58,45,68,64,55,27,35,44,57,67,15,43,131,101,60,51,35,59,49,90,79,117,67,123,42
79,43,89,101,75,45,63,82,31,48,103,79,37,158,82,19,76,70,72,44,34,68,61,43,57,50,227,79,47,76,91,48,61,52,80,51,45,17,31,47,23,62,61,33,40,40,49,68,55,24,28,127,97,52,61,28,60,48,89,73,76,83,124,34
75,38,92,87,74,44,60,71,32,43,110,61,30,168,90,28,54,81,61,47,31,84,53,41,61,36,216,73,44,83,72,43,62,49,96,56,40,25,44,50,31,75,84,36,33,46,43,66,52,22,24,114,98,53,58,24,83,50,78,103,86,85,113,34
80,41,100,67,81,33,59,58,34,40,94,74,40,162,78,23,70,74,69,47,36,59,53,48,62,51,227,86,45,75,81,35,60,34,117,46,35,21,50,38,31,66,75,50,38,43,59,61,55,18,34,116,104,45,55,33,65,59,77,85,108,70,131,35
71,42,90,83,68,40,50,72,31,37,93,74,30,169,70,27,62,75,68,40,38,54,65,53,69,56,222,85,43,67,74,29,76,56,113,57,57,16,44,48,21,69,58,48,21,39,62,69,48,26,28,119,97,54,61,36,75,58,81,77,109,73,114,39
71,28,65,75,68,19,49,65,31,50,104,82,32,174,66,27,68,67,52,50,28,66,57,38,67,44,258,91,45,77,86,37,61,48,120,64,51,23,42,52,28,68,47,54,31,33,57,49,52,26,42,143,113,41,57,20,74,48,79,84,107,69,137,39
74,57,104,82,80,22,44,66,27,46,104,66,20,142,62,26,67,81,56,47,32,69,55,41,67,41,236,104,38,77,82,42,72,51,114,61,54,35,41,47,30,72,54,47,42,47,52,62,58,27,23,122,83,45,65,40,67,52,89,73,90,69,106,49
86,55,86,61,64,38,67,68,33,49,128,61,29,180,86,27,53,58,50,44,29,60,49,43,59,51,222,83,37,68,96,38,78,66,101,69,53,35,57,46,37,64,76,46,38,35,47,44,58,30,25,130,90,52,66,25,62,48,78,74,96,69,112,31
87,53,86,80,83,37,61,76,39,32,97,63,29,164,54,37,67,77,51,35,21,64,60,51,77,39,238,90,41,66,75,22,73,69,133,57,37,25,49,50,25,56,62,46,31,43,63,61,59,25,36,121,102,55,49,35,67,47,72,86,102,50,129,29
78,48,106,87,70,28,63,57,39,50,101,65,28,177,59,19,55,56,55,48,26,67,55,46,73,45,230,97,39,66,86,43,70,67,124,46,47,26,41,51,22,55,63,68,33,42,56,68,47,25,35,132,91,45,49,36,65,45,71,73,97,77,130,37
77,46,72,87,101,32,49,80,29,58,92,71,27,158,84,25,68,72,49,33,32,71,63,34,62,51,239,82,41,70,92,53,65,54,100,55,57,22,49,43,38,63,72,58,43,44,49,65,54,28,37,99,97,37,57,32,67,37,75,88,88,63,120,40
73,51,84,74,79,40,47,63,33,40,109,72,32,145,71,20,60,74,69,47,24,68,66,44,60,54,222,76,49,72,88,36,81,57,106,55,54,21,49,37,40,62,64,51,49,45,54,59,56,28,40,107,102,61,68,26,76,56,74,71,96,70,112,27
74,37,92,76,52,21,79,59,45,29,100,69,23,159,57,27,84,73,60,40,29,69,75,41,58,50,234,70,51,65,91,42,67,58,118,64,46,23,46,44,40,66,66,54,50,42,54,72,69,24,36,126,115,59,54,27,57,53,65,71,95,71,108,25
56,43,84,81,93,27,41,71,29,50,88,69,26,146,59,24,76,57,58,42,33,62,62,36,68,58,232,83,35,54,86,22,72,62,113,62,46,21,52,59,33,63,80,32,31,42,47,49,68,25,49,138,94,45,69,34,80,72,93,78,100,76,126,34
61,41,85,81,70,39,52,91,34,48,100,65,22,163,75,25,64,74,63,54,26,57,70,51,62,54,239,79,50,96,98,45,69,45,102,45,44,25,40,42,30,70,85,44,30,40,39,62,59,26,21,118,105,43,53,35,66,52,67,71,105,76,112,41
81,39,96,87,76,32,48,89,30,49,125,87,31,149,60,23,68,58,65,55,28,61,71,48,47,58,204,80,35,74,89,47,65,57,96,61,51,24,56,50,40,59,71,45,56,39,59,60,48,22,41,113,84,47,64,22,77,42,90,66,100,51,117,33
80,48,87,66,78,39,67,63,46,31,115,72,33,165,69,20,69,74,62,48,38,51,69,36,54,50,226,82,53,74,71,40,72,53,104,57,43,25,46,50,40,73,76,41,32,37,52,57,63,33,35,129,103,46,60,22,80,49,87,71,94,52,110,28
81,34,92,94,65,44,70,76,41,40,109,70,22,154,59,32,63,79,72,44,32,60,66,46,60,45,236,75,59,91,93,42,65,44,113,60,48,20,45,42,33,56,74,46,35,42,43,57,70,18,40,123,115,39,46,33,57,55,77,56,91,70,103,34
61,36,72,80,71,18,53,79,24,45,90,75,24,156,69,27,70,59,54,58,23,50,63,48,66,57,250,88,44,69,91,42,79,65,115,48,43,25,32,56,38,66,92,49,30,32,51,51,46,18,43,129,80,60,57,31,66,63,92,94,101,73,125,34
73,35,91,84,68,37,66,69,37,46,92,87,38,164,81,26,77,63,82,47,34,63,62,41,68,50,254,84,46,72,87,37,66,43,101,40,40,14,51,30,36,64,72,40,33,43,44,60,39,23,37,126,92,36,50,31,63,53,85,78,101,84,129,31
64,30,103,96,74,35,57,83,38,44,104,72,29,161,85,22,70,79,66,50,21,70,59,51,53,53,204,64,40,92,86,41,51,50,105,57,44,16,36,49,33,77,68,36,32,39,49,62,39,23,31,121,104,58,60,29,75,54,91,96,90,83,114,28
93,37,105,70,69,35,78,72,42,49,89,69,32,171,75,24,61,70,59,49,43,69,65,35,48,49,208,59,51,72,75,51,66,43,99,52,46,21,45,41,34,67,92,48,49,34,57,63,66,22,40,100,94,37,75,30,63,58,78,89,108,62,110,33
80,41,87,71,79,31,53,72,41,40,98,65,37,160,53,26,68,70,54,47,34,67,68,55,61,61,227,78,47,74,73,38,70,61,104,51,49,17,44,48,26,50,69,46,22,38,54,66,53,27,50,125,115,43,54,28,79,49,79,80,114,68,125,36
78,41,81,67,66,23,63,55,36,50,109,69,24,181,51,23,70,64,51,42,36,64,48,39,66,50,263,84,50,64,90,44,64,55,122,56,47,22,42,57,37,63,50,54,26,30,51,49,68,21,46,135,111,52,47,30,62,47,78,86,115,71,126,34
70,46,90,99,74,34,53,81,26,51,92,83,35,161,70,20,68,73,71,47,36,70,51,45,66,48,239,86,42,76,91,44,63,45,109,59,46,28,28,54,19,67,67,37,38,38,54,77,63,22,24,120,92,50,63,27,62,53,82,72,74,75,108,42
69,49,73,76,76,41,54,62,28,48,149,62,27,183,102,26,51,77,56,49,30,66,55,39,65,45,227,78,35,73,87,42,73,50,89,62,43,28,44,41,33,62,79,41,33,46,40,51,65,22,25,108,91,56,60,18,76,47,84,105,95,82,115,32
89,47,92,76,83,35,53,61,38,38,89,76,44,168,75,31,72,78,64,45,34,57,60,51,66,47,221,85,44,74,82,32,64,47,117,47,42,21,51,36,28,57,65,43,29,42,62,56,52,20,34,115,107,45,49,34,65,51,80,85,108,68,135,34
83,47,93,93,69,40,51,72,36,44,102,70,30,179,66,22,57,67,71,48,31,62,61,40,75,51,211,84,47,80,81,34,70,51,105,53,56,19,47,49,23,61,55,50,24,36,62,60,46,28,27,131,103,56,55,37,72,50,87,64,101,74,116,31
70,39,58,80,83,30,42,79,36,58,89,83,33,162,71,32,69,73,47,47,35,74,66,36,63,48,235,80,48,76,85,47,58,53,103,50,53,24,33,54,28,65,66,41,32,36,55,48,56,27,34,130,114,41,56,24,76,45,83,92,111,58,138,38
82,55,106,80,73,27,46,64,32,41,106,67,26,142,59,28,72,76,49,44,33,65,61,38,66,44,232,90,43,72,83,39,73,58,122,58,64,30,46,38,35,62,57,55,48,46,45,49,51,23,27,102,96,43,68,36,78,47,88,75,109,68,124,34
91,50,92,71,54,31,63,66,38,40,114,74,31,178,73,30,68,57,50,38,28,53,59,44,60,50,227,79,47,66,100,43,74,66,112,62,50,26,52,47,39,62,72,53,42,31,50,57,54,29,28,121,103,56,63,23,62,57,79,58,100,64,115,24
73,50,84,92,93,31,53,74,34,36,95,73,28,155,64,38,76,74,55,42,22,66,63,43,71,46,233,81,33,63,82,26,72,64,132,55,36,24,45,55,25,56,63,38,35,36,52,54,69,22,36,119,101,55,57,38,63,58,84,77,108,51,136,31
70,52,98,79,74,29,56,70,46,52,106,64,26,162,60,21,64,67,56,46,21,65,71,44,65,38,226,78,40,67,90,49,70,59,121,39,51,26,37,44,31,57,80,60,39,50,48,64,52,25,33,118,106,39,46,31,63,52,79,76,102,75,130,41
87,43,84,87,91,32,50,77,33,53,109,71,33,163,74,19,71,67,47,41,31,67,68,36,51,51,223,73,40,81,91,44,67,57,97,58,54,23,50,42,34,71,72,50,53,42,51,66,55,26,48,96,95,45,61,25,70,32,91,73,92,62,112,38
72,45,87,78,89,37,59,60,36,37,123,63,38,144,69,16,60,62,72,50,28,61,60,42,57,45,218,70,50,79,69,35,79,50,94,57,46,25,39,41,40,65,75,48,37,46,46,57,61,24,43,132,106,65,64,24,81,56,93,73,95,69,121,33
71,37,87,89,69,30,82,70,48,35,92,65,16,153,58,30,63,76,60,49,27,65,61,42,61,38,238,81,56,86,93,39,61,50,105,56,36,23,44,47,37,63,70,57,44,44,53,68,69,20,37,131,136,59,54,26,60,48,65,59,81,74,122,30
56,43,82,78,83,23,45,79,32,58,93,71,26,155,60,22,64,58,54,48,28,54,52,41,72,57,241,84,41,53,86,30,74,61,116,54,49,20,47,56,38,67,81,36,31,43,46,43,54,21,52,136,107,56,62,29,78,66,90,83,96,75,129,31
68,39,85,78,63,40,56,78,31,48,95,76,20,165,73,24,64,68,65,55,28,60,67,48,69,49,246,86,50,90,91,36,79,46,100,49,37,14,45,37,34,69,79,40,27,40,43,58,52,23,31,117,105,39,54,41,73,57,76,67,104,82,124,43
80,39,102,90,76,31,47,85,33,51,107,87,26,145,62,21,70,56,68,64,24,58,67,54,58,56,207,74,39,90,95,45,56,56,95,63,45,18,40,52,32,54,70,47,41,46,57,58,39,17,42,114,97,49,55,21,83,50,105,68,98,67,123,31
93,47,83,70,69,37,68,69,54,43,107,69,31,177,70,26,62,76,50,44,38,52,70,31,56,47,224,71,51,64,72,42,75,55,113,52,53,27,43,47,44,75,89,41,34,34,55,61,63,27,40,105,100,33,70,22,69,46,73,76,102,57,124,28
92,40,97,94,71,43,64,81,45,44,108,70,35,143,58,28,63,68,63,40,30,59,72,43,58,57,226,66,49,92,89,47,57,48,92,52,49,18,41,39,32,47,62,45,30,42,41,57,70,20,47,139,112,41,54,29,64,62,78,63,113,67,116,34
76,40,73,72,73,27,59,64,38,50,89,70,27,152,63,24,83,68,53,50,37,63,65,46,59,54,241,75,52,72,83,49,61,63,101,34,39,20,37,57,40,62,76,48,29,29,48,57,57,17,46,127,103,61,57,33,67,51,92,92,114,71,124,36
77,40,94,90,77,36,72,74,42,47,105,80,37,165,69,21,82,63,78,41,39,71,60,42,60,45,244,82,46,73,79,38,63,43,97,47,39,16,41,41,28,56,65,40,31,40,41,56,50,22,34,131,115,42,64,28,60,44,95,77,91,73,131,26
68,34,93,93,68,38,58,71,36,46,112,67,27,178,86,21,64,81,65,45,24,81,55,44,63,42,223,69,46,88,80,41,59,52,124,50,39,20,41,49,33,78,68,37,32,45,46,62,43,22,25,110,102,51,60,24,75,50,76,101,83,81,120,31
84,32,102,74,68,34,72,73,36,48,97,79,32,160,98,22,56,62,73,51,41,71,55,37,50,44,211,72,47,72,77,41,55,37,112,49,44,17,45,37,35,59,73,44,41,37,46,56,64,22,37,109,100,44,74,35,67,60,83,88,112,70,129,44
85,38,80,85,72,33,44,81,38,39,103,70,39,171,66,25,62,72,61,42,37,61,70,55,66,56,219,83,46,75,79,38,68,55,104,55,61,19,43,47,28,59,63,43,23,40,62,61,34,24,41,107,101,52,59,33,78,58,74,79,104,67,123,40
82,34,76,66,70,25,54,60,35,49,104,75,28,165,59,26,65,75,48,50,35,68,66,38,61,47,246,83,46,75,86,41,60,48,119,55,49,21,38,53,35,67,41,51,25,36,47,47,60,24,43,133,119,50,47,30,73,51,84,88,124,70,132,38
89,51,90,97,87,32,48,76,28,49,107,76,26,144,63,19,65,86,58,46,35,70,57,45,65,42,226,100,41,89,85,43,63,49,97,59,44,28,29,49,25,69,62,38,38,46,47,69,62,26,27,125,84,48,64,32,70,55,86,74,81,71,101,43
86,50,82,69,74,44,56,67,37,49,142,63,28,184,91,28,49,64,48,49,34,60,54,37,63,46,226,89,36,78,97,39,78,57,82,57,42,34,54,44,32,60,80,43,32,43,43,46,66,21,24,120,93,47,61,19,76,42,82,83,99,71,118,28
90,53,96,83,87,33,64,66,37,38,103,64,33,173,58,28,69,79,51,40,25,58,61,51,74,40,232,93,41,69,78,29,73,59,139,46,39,24,50,46,25,53,68,46,26,50,64,53,57,18,37,117,108,46,48,31,62,38,67,84,105,61,129,31
68,48,95,90,60,31,55,58,37,49,102,70,29,184,64,20,61,57,63,48,28,66,59,40,75,45,233,91,42,71,76,34,77,55,120,49,52,16,39,51,25,60,56,65,32,42,67,67,46,25,31,132,94,51,56,38,65,46,79,68,104,77,125,37
85,45,63,89,95,30,50,81,34,56,90,80,30,160,82,28,71,65,44,37,31,71,64,35,68,48,234,80,49,74,94,49,63,57,98,59,53,22,36,54,34,71,73,53,32,44,56,56,55,24,38,110,105,34,56,25,69,33,75,80,94,58,123,44
82,52,103,81,79,37,45,69,35,43,104,64,25,137,69,27,59,69,55,47,29,76,65,37,65,47,218,73,44,82,89,38,82,59,113,56,66,27,45,37,37,62,58,58,48,40,49,45,48,21,30,108,104,53,78,32,78,45,78,74,103,68,116,33
86,44,95,75,54,29,77,66,43,37,100,67,26,158,63,26,73,62,55,36,24,60,63,43,55,49,231,74,53,70,87,42,71,67,110,60,47,25,48,52,45,66,66,53,53,35,52,60,55,30,32,132,108,62,62,23,61,58,72,67,92,64,121,24
56,51,81,77,100,31,42,71,39,45,93,68,30,143,59,33,79,68,56,37,27,68,61,37,67,45,226,80,26,63,81,24,68,59,110,61,37,22,53,54,29,71,73,36,34,38,51,63,75,23,49,137,102,56,64,33,75,66,92,80,102,56,133,30
62,45,90,78,80,35,51,78,43,53,103,71,20,166,65,23,63,76,62,52,21,63,70,54,66,44,237,82,45,83,94,46,71,52,108,47,47,26,38,38,26,61,77,52,33,45,44,67,58,21,20,116,103,47,47,35,64,50,74,73,95,77,118,45
89,37,101,87,91,28,53,82,28,49,120,76,28,161,66,23,68,58,55,52,26,59,76,40,56,46,218,76,36,76,88,44,71,56,104,65,43,25,63,46,35,61,63,56,51,38,56,67,46,22,42,98,81,45,58,24,77,36,98,73,88,61,118,36
