0,1,24,0,0,0,23,1,0,0,1,4,0,0,2,0,2,1,1,0,3,0,0,23,1,26,1,23,0,27,1,3,0,2,1,5,3,1,0,0,2,1,3,0,1,2,0,0,1,27,0,0,1,3,1,1,3,0,26,1,1,1,1,0
0,0,1,1,0,5,23,0,1,2,25,0,0,0,2,1,1,0,2,2,1,0,2,23,1,25,2,25,0,25,0,2,0,1,0,0,0,0,2,0,2,2,1,0,3,1,1,1,2,2,0,0,1,4,4,0,3,1,27,0,1,1,0,0
0,22,0,0,1,1,23,2,0,0,0,4,0,1,0,3,0,2,1,0,2,0,0,23,2,26,0,24,0,26,0,1,0,2,0,0,1,1,1,2,3,2,2,2,2,1,2,0,0,23,2,1,2,3,3,0,0,0,26,2,1,3,3,0
0,0,23,0,2,0,23,1,0,1,24,4,0,0,1,0,2,4,1,0,2,1,1,23,1,27,0,23,0,25,1,3,2,1,0,0,0,0,0,3,2,2,3,0,2,2,1,1,2,2,0,0,1,2,1,2,2,0,24,1,2,1,1,0
0,0,24,0,0,0,23,2,0,2,26,5,0,0,0,1,0,2,1,1,1,0,3,23,2,26,2,24,0,27,1,0,3,2,0,0,1,0,0,0,1,4,4,2,1,2,1,0,0,1,0,0,1,1,0,1,0,0,29,2,2,2,0,0
0,1,27,0,0,0,23,1,1,4,2,3,0,0,0,0,0,1,2,0,1,0,1,24,3,26,0,25,0,27,1,0,0,1,0,1,1,0,0,0,4,2,1,0,1,3,0,2,0,0,0,0,0,4,27,1,0,0,28,2,1,3,1,0
0,0,24,0,0,0,0,0,0,0,2,6,0,0,0,1,0,2,2,2,1,0,1,23,1,25,2,23,0,28,1,0,0,3,0,0,0,2,0,1,1,4,3,1,3,1,2,0,1,0,2,0,1,1,24,3,1,1,27,3,1,3,0,0
0,0,24,0,0,3,23,0,1,0,25,2,0,0,1,1,2,0,2,1,1,0,2,0,3,27,0,25,0,25,0,0,0,2,0,1,1,2,2,2,1,2,24,1,2,1,1,0,1,1,1,0,3,2,1,2,0,1,26,1,3,3,0,0
1,2,20,2,1,1,20,1,0,2,4,4,1,2,0,2,0,4,3,2,3,1,2,19,4,21,1,19,0,24,4,1,1,0,0,2,0,1,2,1,3,2,5,1,0,3,1,1,0,21,1,1,3,2,3,1,0,1,24,0,0,2,0,2
0,1,23,0,2,2,24,1,1,0,1,0,0,1,2,0,1,0,3,1,1,0,1,0,1,24,1,24,0,24,1,2,1,1,0,2,1,1,2,0,1,4,2,1,0,1,2,2,3,23,1,0,1,2,24,6,1,0,25,0,2,2,2,1
1,0,23,3,3,1,23,1,1,0,0,8,0,0,0,1,2,4,1,0,2,0,2,24,2,24,0,23,0,26,0,0,1,1,0,0,0,1,0,0,1,2,25,2,1,1,2,0,1,0,0,1,1,1,0,2,2,1,28,1,3,1,0,0
0,0,23,1,1,2,23,1,1,0,2,0,0,1,2,1,2,0,3,2,1,0,1,23,3,24,1,25,0,26,1,2,1,4,0,0,0,0,2,1,1,3,23,1,2,1,1,0,2,2,0,0,1,2,0,4,2,0,25,1,3,1,0,0
0,1,24,0,1,0,23,2,1,0,3,1,0,1,1,0,2,1,3,1,1,0,1,23,2,26,3,24,0,24,1,4,0,1,0,0,0,0,0,1,2,3,24,0,0,3,1,0,3,2,0,0,1,3,2,4,4,0,27,0,0,1,0,0
0,6,8,2,5,1,3,0,2,10,4,1,0,0,4,5,4,1,6,6,2,3,3,4,5,15,3,11,0,16,1,7,2,5,0,1,1,2,2,3,8,5,3,2,1,5,1,2,2,5,3,2,4,6,10,3,3,3,19,1,3,7,2,2
0,26,0,2,1,1,24,2,0,0,2,3,0,0,0,1,1,3,1,2,3,0,2,25,2,24,0,24,0,26,1,0,2,2,0,2,0,3,0,0,1,1,4,0,0,2,1,0,1,23,0,2,1,1,0,0,1,0,28,0,0,1,2,0
0,0,25,0,2,4,24,0,1,1,25,2,0,1,1,0,0,2,4,2,1,0,1,23,0,23,2,23,0,23,0,1,3,1,0,0,0,0,3,0,1,2,3,0,1,0,3,0,4,1,2,0,1,2,1,3,1,1,25,1,0,4,1,0
0,1,23,3,2,0,23,1,0,0,1,1,0,0,2,1,0,1,1,1,3,1,1,23,1,25,0,23,0,25,1,4,2,2,2,2,1,2,0,2,1,2,2,1,0,2,1,0,2,2,1,1,1,1,24,1,3,0,24,0,1,2,0,0
0,24,23,0,2,1,23,0,0,0,2,1,0,0,1,3,1,0,2,2,2,0,1,23,2,26,1,24,0,25,1,0,0,2,0,0,2,0,2,2,3,3,1,0,3,0,1,1,0,0,1,1,3,4,2,1,0,0,26,1,2,4,0,1
0,2,23,1,1,0,23,1,0,0,0,2,0,0,2,0,1,3,0,2,3,0,1,23,3,25,0,24,0,26,2,0,0,3,0,1,0,0,1,0,2,2,3,1,2,2,1,2,1,23,1,1,4,1,2,1,0,0,26,3,0,2,2,0
0,0,25,0,1,0,23,1,0,1,24,2,0,1,0,2,0,0,2,0,2,0,0,0,2,26,0,24,0,28,1,2,0,2,0,0,1,2,0,1,4,1,2,0,1,3,1,2,1,24,0,0,2,3,4,0,0,0,27,0,1,2,3,2
0,25,25,0,0,0,23,2,0,0,1,2,0,0,1,1,1,3,2,1,0,0,0,23,2,24,3,24,0,27,2,0,1,2,0,1,3,1,1,1,2,4,2,1,0,3,1,1,0,2,1,0,1,1,1,0,0,0,26,1,1,0,1,2
1,3,14,1,0,2,11,1,3,0,2,1,1,2,3,5,1,1,8,2,4,0,1,12,2,14,1,15,0,18,3,3,1,7,0,1,3,0,3,6,9,3,4,2,3,2,4,0,1,4,2,3,3,6,18,4,2,1,20,1,2,3,0,2
0,23,1,2,2,3,24,0,1,1,1,1,1,1,2,1,1,0,4,1,1,0,0,23,3,24,0,25,0,24,0,1,0,3,0,0,0,0,4,1,2,3,0,0,1,0,2,1,1,0,1,0,1,2,0,4,2,1,28,23,1,3,0,0
0,0,23,2,0,2,24,1,0,2,5,0,0,0,2,1,0,3,3,3,2,0,2,0,0,24,2,24,0,25,3,0,1,1,0,0,2,1,2,0,2,4,2,0,2,1,2,0,1,23,0,0,1,1,2,0,0,0,27,1,1,1,0,2
0,1,26,1,0,0,23,4,0,0,4,3,1,0,2,0,2,2,1,1,2,0,1,23,0,24,0,24,0,24,1,2,0,2,0,3,1,2,0,1,1,2,3,2,2,2,2,1,3,1,0,0,1,1,24,1,1,0,25,1,0,2,0,0
0,18,17,3,0,3,18,0,2,0,2,0,1,2,5,3,2,2,4,1,4,1,1,19,1,0,2,21,0,22,1,1,2,3,0,1,3,4,4,3,6,1,3,1,0,2,0,0,0,1,2,1,3,4,4,1,1,0,22,1,0,3,2,2
0,0,25,2,0,0,23,1,0,0,3,2,2,0,2,0,0,2,1,2,3,1,1,23,1,25,0,24,0,25,1,0,0,4,0,3,0,1,0,0,1,2,3,1,2,3,0,1,3,24,0,1,1,1,1,1,1,0,27,3,0,2,1,0
0,1,23,1,0,4,24,0,1,1,2,1,0,1,2,1,1,0,4,1,1,0,1,23,2,25,1,0,0,24,1,2,0,2,0,0,0,0,4,1,1,4,2,0,2,1,2,0,1,1,0,0,1,2,1,1,2,1,28,23,3,0,0,0
0,0,23,0,1,1,23,0,0,5,3,1,0,1,1,1,1,0,2,2,1,0,3,23,2,27,1,23,0,26,0,0,0,0,0,0,1,0,2,0,1,4,24,3,2,2,3,1,0,2,0,1,1,1,1,3,0,0,26,2,3,2,0,0
0,0,11,0,1,1,23,0,0,2,24,1,0,1,1,1,0,1,5,2,1,0,1,24,2,24,0,23,0,0,2,1,2,3,0,0,0,0,3,0,3,3,16,0,0,1,2,0,0,1,0,1,1,5,3,2,0,0,27,2,0,3,1,0
0,23,23,1,0,2,23,0,1,0,1,2,0,1,2,1,1,0,3,1,1,0,2,23,2,25,1,24,0,24,0,2,0,4,0,0,0,0,2,0,2,3,0,1,3,1,2,2,1,3,0,1,1,2,0,3,2,1,25,1,2,2,1,1
0,0,25,1,2,3,25,1,0,3,2,1,0,1,0,1,1,2,2,2,1,0,1,23,1,26,1,23,0,26,0,0,0,0,0,0,0,1,3,0,1,2,1,1,4,2,2,0,2,15,2,1,0,1,9,0,0,1,27,2,1,3,1,0
0,2,19,1,1,1,19,1,2,3,2,4,1,1,3,2,0,4,4,1,2,2,2,20,3,21,1,20,0,23,2,1,0,3,0,0,0,0,2,2,3,3,3,1,2,2,3,1,1,1,0,1,3,3,19,1,0,0,25,2,1,2,0,0
1,0,0,1,1,3,24,1,0,0,0,1,0,0,2,1,3,0,3,2,1,0,2,23,3,24,0,25,0,25,0,1,0,0,0,0,0,0,5,1,1,3,0,3,1,1,1,1,1,25,1,1,2,2,0,1,1,0,26,0,25,3,1,0
0,2,22,1,2,0,19,1,1,0,2,2,1,1,1,2,2,3,2,1,2,1,1,20,3,22,0,20,0,24,2,2,1,2,0,0,1,1,1,1,3,3,3,0,1,3,1,0,1,4,3,1,3,5,19,1,0,1,26,3,0,1,4,1
0,23,1,0,1,3,23,0,0,1,2,0,0,0,2,3,2,0,3,1,1,0,1,23,2,24,0,24,0,25,3,2,1,0,0,0,1,0,4,0,2,3,1,0,1,1,0,0,1,3,2,0,1,3,24,1,1,0,28,0,4,3,0,1
0,1,23,0,1,0,23,2,0,2,4,5,1,0,2,0,0,0,1,2,2,0,2,23,3,25,0,24,0,26,0,0,0,2,0,1,0,1,0,2,1,5,3,2,2,1,1,0,2,24,0,0,1,1,0,1,1,0,26,1,3,2,0,0
0,0,25,0,0,1,23,0,1,2,2,1,0,1,1,1,1,0,3,1,2,0,1,24,1,25,1,23,0,25,2,0,1,2,0,0,1,0,2,0,4,2,24,0,2,2,3,1,0,0,0,0,1,4,4,1,0,0,27,1,3,3,1,0
0,24,25,0,2,0,23,0,1,2,0,0,0,1,1,3,1,1,2,0,2,0,0,23,2,26,0,24,0,27,1,1,0,1,0,0,1,1,0,2,3,0,1,0,1,1,1,2,2,0,0,1,2,4,4,1,1,0,27,0,0,3,4,1
0,2,23,3,2,2,23,0,1,0,1,1,0,1,2,0,1,0,4,1,3,0,0,23,1,25,1,23,0,25,0,2,1,1,0,3,0,1,3,0,1,3,2,0,0,3,1,2,1,2,0,0,1,3,23,5,2,0,24,0,1,1,2,0
0,0,0,2,2,0,23,2,2,1,3,5,0,1,0,0,1,1,2,1,2,0,2,23,3,26,1,23,0,24,2,0,1,0,0,0,1,0,1,0,0,4,2,0,0,0,2,1,1,27,1,0,1,1,24,4,0,1,26,0,3,1,1,0
0,1,25,1,1,2,23,0,1,7,1,3,0,0,1,1,2,1,3,3,1,0,1,23,2,25,1,24,0,24,0,0,0,1,0,1,0,0,2,0,1,0,0,0,0,0,2,1,0,23,0,1,1,3,2,2,2,0,25,3,3,3,0,0
0,23,0,2,1,0,23,1,0,0,4,5,0,0,0,0,0,3,1,0,1,0,2,23,2,25,0,23,0,26,2,0,0,3,0,0,0,1,0,0,1,3,0,1,2,4,3,0,2,2,0,0,1,1,0,1,1,1,31,24,2,0,1,0
0,25,0,1,2,0,23,1,1,0,1,3,0,0,2,0,2,2,1,1,4,0,0,0,1,26,0,23,0,25,2,2,1,2,0,2,2,2,0,0,2,1,4,0,1,3,0,0,1,24,2,1,1,2,1,1,3,0,24,0,1,25,1,0
0,0,25,1,0,0,23,1,1,2,3,3,0,0,0,1,0,1,2,1,1,0,1,23,3,27,1,23,0,26,0,0,2,2,0,0,0,1,0,0,3,2,0,1,0,3,2,0,1,23,0,1,1,3,3,1,0,0,30,0,1,3,1,1
0,1,18,2,1,1,23,1,1,0,3,2,0,1,2,0,1,1,1,2,1,0,3,23,1,27,0,23,0,25,2,0,2,2,0,0,1,5,0,0,1,4,25,1,0,0,1,0,0,0,1,0,1,1,1,1,1,1,26,2,0,9,1,0
0,0,23,0,0,1,23,1,0,0,0,0,0,1,1,1,2,0,2,1,1,0,1,23,2,26,2,23,0,27,2,2,1,2,0,0,0,1,3,2,3,2,0,1,0,2,0,1,1,24,1,0,1,3,3,1,2,0,29,1,2,4,0,1
0,24,23,3,0,1,25,1,0,0,3,2,0,0,2,1,3,0,2,1,2,3,1,0,1,27,2,24,0,26,3,1,0,0,0,0,2,2,3,1,2,3,0,0,0,2,1,0,1,2,0,0,1,1,1,0,0,1,26,24,1,1,0,0
0,23,23,1,2,1,23,0,2,0,3,2,0,0,0,3,2,3,1,0,3,0,1,23,1,24,0,24,0,26,0,3,0,2,1,0,1,2,0,1,2,2,3,0,0,2,0,1,0,1,0,1,2,3,1,1,1,0,24,1,1,4,2,1
0,1,23,1,2,1,23,2,0,0,4,4,0,0,0,0,1,1,1,1,1,0,3,23,1,24,0,23,0,25,3,3,3,2,0,0,1,2,1,1,1,4,2,2,0,3,0,0,4,0,0,0,1,1,1,0,3,1,23,0,1,2,0,1
4,0,3,4,3,5,3,1,2,2,3,3,1,0,6,9,3,0,9,2,5,6,3,4,5,7,4,6,0,8,1,8,2,5,1,0,3,1,8,3,9,6,6,1,2,1,5,2,2,4,0,4,9,7,8,6,3,0,17,1,3,8,0,4
0,3,21,2,0,1,23,1,0,4,1,2,0,0,2,1,1,0,3,1,2,0,3,23,1,25,1,23,0,26,1,0,1,1,0,0,3,1,2,1,2,2,2,2,1,1,2,0,1,3,0,0,1,2,1,2,0,0,26,24,2,2,0,0
0,0,23,2,3,2,23,1,1,0,2,0,0,1,2,0,1,1,3,1,2,0,1,23,1,23,1,23,0,24,1,3,0,1,0,1,0,0,3,1,1,4,4,1,0,3,3,1,4,0,0,0,0,1,25,4,2,0,24,0,2,1,1,0
0,1,23,1,1,0,23,1,1,0,3,1,2,1,1,0,1,3,2,2,1,0,1,23,3,26,1,24,0,25,1,3,0,1,0,1,0,0,0,1,1,3,3,0,2,0,3,0,2,0,0,0,1,0,0,4,3,0,26,24,2,2,0,0
0,1,24,1,1,2,24,0,1,3,3,1,1,2,2,0,3,1,3,1,1,0,2,23,1,26,0,24,0,24,1,2,0,1,0,0,1,0,2,0,1,3,0,0,0,1,1,0,2,1,0,1,1,2,0,6,4,1,25,0,2,0,0,0
1,0,23,0,0,1,24,0,1,2,1,2,0,1,2,0,1,2,3,0,1,0,1,23,2,28,1,24,0,25,1,3,2,1,0,0,2,0,2,0,2,2,4,0,1,1,1,0,2,23,0,1,1,3,1,0,2,0,26,1,1,1,0,0
1,0,24,1,0,2,24,1,1,0,1,1,0,0,2,1,2,1,2,3,2,0,1,23,1,3,2,23,0,24,1,1,0,2,0,1,2,0,2,1,3,3,2,1,3,1,0,0,1,2,2,0,1,1,24,2,0,0,24,2,0,26,1,1
0,22,23,1,1,0,23,3,1,4,4,4,0,0,1,2,0,1,1,1,2,0,1,23,1,27,0,24,0,27,1,0,0,1,0,0,1,2,0,1,2,2,1,2,1,0,2,2,1,2,0,1,2,1,2,1,0,0,25,0,1,2,2,1
0,0,23,0,0,2,23,2,2,2,26,1,0,2,2,1,2,0,4,2,1,0,1,24,1,26,2,24,0,24,0,1,0,4,0,0,0,0,2,0,1,3,2,1,2,1,2,1,1,0,0,0,1,2,0,4,1,0,0,0,1,2,0,0
0,0,24,2,0,2,23,0,1,4,3,3,1,0,0,2,0,2,1,1,2,0,2,23,1,24,0,23,0,24,1,0,2,2,0,1,0,0,1,0,1,3,4,0,2,1,2,0,3,0,1,1,1,1,23,4,2,0,28,0,3,0,0,0
0,23,25,1,0,0,23,3,0,0,2,1,0,0,0,1,2,0,1,0,2,0,2,23,2,26,0,24,0,26,1,0,0,1,0,1,0,2,1,1,1,3,1,2,2,1,1,3,1,2,0,0,1,1,6,3,0,1,26,2,0,0,2,2
0,11,11,1,0,2,24,1,0,0,0,2,0,1,1,1,1,0,3,0,3,0,1,23,2,24,0,24,0,26,1,0,0,1,0,1,3,2,5,3,3,3,3,2,1,2,0,0,1,3,1,0,1,3,22,1,0,0,27,1,1,0,0,1
0,3,12,5,1,3,9,2,3,1,4,5,1,1,2,2,3,1,7,2,3,4,3,9,5,15,3,13,0,18,2,2,2,5,0,2,1,1,4,2,2,7,4,2,3,5,4,1,1,13,1,0,5,3,4,3,1,3,21,3,3,3,0,2
0,24,23,0,0,2,23,3,2,0,1,1,0,2,2,1,2,0,4,1,1,0,1,0,1,25,3,26,0,23,1,1,0,4,0,0,0,0,2,2,1,3,2,0,2,1,2,0,1,0,0,1,1,2,0,5,1,0,26,24,1,1,1,0
