209,272,363,308,181,96,317,418,134,304,291,316,678,186,141,59,232,161,68,477,198,188,77,119,239,273,412,254,224,73,100,143,172,77,43,129,268,68,108,73,109,117,155,95,115,128,125,98,153,52,84,187,390,177,76,75,129,245,253,62,201,172,412,525
224,340,343,308,200,56,297,344,127,252,326,333,652,209,120,46,194,202,90,434,274,142,92,106,210,318,438,241,213,101,63,158,232,81,101,136,187,73,137,74,89,95,122,98,66,104,90,93,155,56,83,199,404,174,76,88,96,156,264,63,215,150,379,483
213,288,359,307,203,78,298,393,133,271,306,326,652,232,107,51,213,150,86,402,225,135,91,103,207,324,408,300,198,93,106,143,219,89,68,110,243,95,125,79,72,103,170,116,59,112,126,110,144,41,75,164,388,166,71,87,116,148,278,87,183,182,444,465
209,239,318,324,204,66,293,333,115,219,312,281,659,266,168,48,202,127,84,466,206,128,86,95,299,270,405,320,157,81,76,139,152,118,100,138,192,77,100,107,78,129,144,94,83,133,129,91,147,65,81,196,375,191,71,87,109,198,278,66,213,170,401,452
200,289,344,321,203,67,309,324,159,255,300,314,671,300,100,50,201,156,46,480,209,183,109,101,222,231,419,243,197,94,125,126,108,70,51,70,129,85,100,62,91,109,154,93,89,108,113,96,200,50,160,178,434,150,69,106,112,189,269,75,196,147,352,421
231,306,286,315,222,70,287,339,126,205,325,250,654,290,191,57,174,126,69,395,215,138,102,118,208,303,445,307,217,100,83,173,108,71,52,144,134,94,114,81,48,97,154,86,60,99,114,89,153,51,77,219,363,191,54,105,98,167,289,40,197,170,338,416
200,234,308,315,196,70,297,298,121,229,275,268,648,162,115,52,203,141,74,379,206,110,96,109,275,257,459,325,181,72,95,153,135,63,63,132,177,88,80,82,90,134,123,132,49,101,83,112,140,58,131,170,361,156,63,103,123,144,286,81,221,185,354,401
224,279,312,314,224,73,316,316,135,243,261,288,634,228,110,41,191,170,76,397,214,102,125,87,218,295,450,252,194,78,51,165,165,74,50,83,159,53,77,70,68,120,153,80,80,114,106,102,170,66,106,187,444,172,54,111,120,187,258,44,206,147,353,454
257,240,329,324,187,84,296,361,150,347,299,346,651,201,129,43,206,137,56,400,202,113,75,83,220,239,384,372,151,92,124,121,91,105,58,74,202,104,124,77,72,110,110,87,83,112,132,81,152,51,78,193,369,127,49,88,113,205,232,64,192,144,342,400
213,263,309,299,196,75,282,306,119,280,280,334,610,224,113,55,191,125,62,359,197,167,82,91,218,247,391,303,183,87,107,155,165,109,80,95,182,61,95,84,84,108,148,97,161,119,135,99,126,54,64,178,347,176,56,92,105,221,262,74,232,164,328,432
228,271,338,312,196,89,274,375,140,196,288,280,630,184,126,51,185,142,85,404,254,155,97,89,225,278,414,277,174,121,69,137,109,92,62,85,188,60,95,73,88,107,148,104,84,118,80,73,150,40,99,220,388,171,70,87,103,188,226,79,201,171,328,461
205,286,316,319,245,89,277,395,117,227,291,289,633,216,131,52,175,130,59,378,262,129,84,97,250,296,436,288,205,79,73,151,202,72,40,109,173,73,109,78,70,96,124,78,58,95,96,79,113,65,83,183,368,186,59,83,115,204,257,61,210,186,361,438
179,213,293,299,167,67,280,289,129,301,277,304,651,146,117,47,202,117,66,436,181,131,86,105,218,213,393,251,164,66,80,119,130,65,73,94,177,56,101,96,61,95,127,101,70,119,109,61,123,42,91,162,348,162,64,73,98,164,203,62,192,148,304,442
222,283,347,302,192,100,317,423,137,264,297,303,672,214,168,57,216,166,65,425,220,180,67,116,224,295,421,252,225,83,93,147,157,79,43,132,251,69,116,82,115,144,159,109,105,135,105,107,148,43,68,188,389,180,70,89,136,249,264,57,203,184,400,539
204,323,383,305,206,65,314,322,128,298,348,359,658,220,129,49,217,205,93,431,251,171,94,115,213,332,411,291,206,126,67,142,228,80,97,140,211,93,159,86,72,78,129,97,66,115,102,89,152,50,83,198,420,150,67,88,102,160,249,73,224,158,388,416
243,296,350,328,230,73,295,404,111,202,278,287,623,235,110,46,203,138,76,385,261,101,61,94,226,341,432,298,191,84,91,160,207,71,63,148,250,92,113,72,72,145,178,127,62,118,105,89,116,58,72,186,341,182,55,86,98,130,281,76,192,167,433,442
213,243,303,315,195,69,289,314,119,239,309,290,661,253,162,44,196,150,60,462,199,156,90,97,263,252,420,297,134,84,66,129,142,123,90,113,185,89,99,98,71,85,134,76,86,122,130,78,165,66,110,202,390,186,65,109,101,189,263,61,207,120,394,450
208,314,317,320,200,65,302,333,140,246,304,308,668,288,109,54,196,146,54,446,238,157,123,111,215,244,445,299,217,95,129,137,103,55,41,81,116,69,99,50,98,109,138,101,109,113,101,100,187,54,126,172,414,159,72,100,124,229,257,71,215,147,351,459
192,253,347,319,203,76,301,348,136,237,338,289,696,275,169,63,208,136,87,397,217,135,91,115,227,263,428,289,216,100,79,165,103,93,67,165,145,105,101,82,60,90,161,104,46,118,120,99,159,53,95,189,368,166,61,118,95,162,274,36,183,179,372,444
186,236,294,307,178,78,311,314,121,269,304,284,657,194,117,61,208,156,74,404,192,93,98,123,285,246,428,333,170,72,96,127,156,66,58,136,171,81,103,99,93,140,134,129,78,125,101,132,141,57,129,162,377,164,77,101,127,172,299,90,223,200,339,364
235,263,304,328,240,61,317,306,147,278,268,328,625,238,132,38,200,151,75,403,222,109,107,94,210,308,438,258,201,76,74,173,163,90,49,88,172,72,110,67,73,107,141,76,66,118,94,82,151,58,97,189,407,175,41,108,102,152,255,39,217,136,375,443
243,246,361,309,184,88,282,368,164,312,283,342,648,183,113,53,194,146,62,425,204,151,80,84,232,239,404,376,189,88,112,130,88,118,51,90,189,85,93,67,69,105,127,92,80,124,124,85,138,58,86,210,381,165,58,84,120,199,255,63,213,143,334,403
225,272,308,309,208,53,271,315,123,225,297,308,606,246,118,62,195,125,61,334,200,153,73,95,224,281,413,300,153,102,100,162,171,105,82,95,227,68,100,78,83,104,143,92,160,120,124,97,141,49,71,188,371,152,60,84,82,224,228,73,217,149,347,462
199,282,348,312,189,90,267,359,137,206,295,275,640,205,139,39,190,147,79,451,239,160,82,95,239,280,424,286,234,117,67,138,118,94,61,80,154,60,77,66,81,104,135,92,69,96,82,80,175,53,90,206,381,169,62,86,132,178,220,78,202,171,343,475
213,307,299,314,260,77,277,409,91,185,303,279,621,207,118,42,160,123,53,331,258,106,89,83,250,292,430,276,141,75,61,162,202,43,56,117,196,66,103,94,66,100,106,83,64,93,96,67,115,59,89,200,382,212,62,93,101,193,254,59,222,164,325,410
149,205,308,295,144,57,264,281,119,286,252,296,685,93,99,35,216,103,49,452,163,123,75,97,209,190,394,249,146,47,76,107,105,71,45,77,131,54,93,81,67,80,116,80,70,105,115,51,112,35,74,143,346,129,57,64,89,166,190,42,198,151,291,412
175,228,301,289,138,69,254,316,128,265,249,293,658,132,99,43,194,139,60,436,183,144,78,102,206,198,400,243,182,60,73,115,96,69,43,102,119,39,105,65,98,81,127,83,69,136,94,85,106,44,62,153,372,160,61,71,99,164,206,44,163,139,265,374
173,241,316,278,166,59,268,272,118,240,250,267,622,171,105,52,191,150,73,410,185,133,82,113,205,221,381,246,146,88,66,133,101,67,56,73,126,67,92,75,64,74,108,91,62,97,93,88,155,38,64,171,391,144,64,70,95,125,238,63,183,146,272,362
197,210,312,308,164,67,282,299,95,184,237,284,634,176,107,49,192,95,78,392,174,114,74,100,217,268,407,259,151,62,87,146,107,66,51,126,160,72,74,79,72,135,166,109,61,126,100,65,116,47,70,163,350,173,69,77,101,143,218,62,176,160,278,319
187,207,312,306,174,70,254,259,109,206,230,270,641,172,108,49,190,133,46,432,178,121,70,97,244,211,393,247,116,61,66,129,99,91,80,71,135,68,69,73,44,85,122,72,51,93,93,62,144,56,98,182,356,157,66,80,79,144,247,69,205,133,268,352
207,261,284,318,191,58,246,256,115,206,232,264,641,153,100,48,183,117,35,378,202,147,113,99,186,232,430,274,150,78,57,145,69,47,47,56,79,64,78,55,60,89,129,88,61,96,88,53,127,46,55,185,370,154,55,65,106,176,235,50,201,115,268,371
160,207,329,310,164,65,261,274,119,238,280,271,689,158,114,47,211,115,79,361,189,87,54,99,192,207,414,240,160,56,59,137,89,73,47,87,113,67,70,64,60,82,115,81,43,83,77,58,108,43,67,148,363,131,47,92,84,149,240,34,163,143,288,377
169,229,259,281,143,62,263,262,104,200,222,248,611,121,77,49,186,111,53,350,167,93,92,90,242,196,414,229,143,46,48,131,100,60,53,70,120,49,55,68,78,81,99,84,64,103,84,87,101,52,76,164,367,143,47,88,98,139,217,61,179,145,247,306
227,218,313,309,197,58,261,244,123,279,229,290,608,130,101,35,182,119,54,386,200,72,89,94,188,244,410,238,128,52,72,142,74,76,46,63,129,60,89,62,43,75,106,56,60,88,91,67,124,37,64,180,363,151,37,76,97,156,237,34,204,132,251,372
220,192,308,298,158,91,247,276,134,271,247,308,639,128,66,50,185,106,57,368,166,116,52,78,209,195,355,242,178,67,107,119,78,111,43,72,102,51,66,54,60,86,113,88,50,113,94,72,128,55,67,178,355,158,56,63,96,132,204,50,184,135,232,317
203,199,302,306,175,77,269,280,128,246,236,287,621,102,89,61,199,115,51,331,166,115,73,92,210,211,393,241,122,61,66,135,125,103,70,74,169,50,89,78,70,102,117,80,84,115,109,81,127,39,69,171,378,135,48,56,68,183,210,62,189,135,272,364
164,227,314,296,159,65,240,271,146,210,232,259,614,143,130,32,180,113,48,388,198,112,70,83,224,240,399,260,198,95,50,137,92,80,56,53,111,53,52,56,74,82,106,71,56,102,93,65,121,60,92,165,361,163,70,67,119,172,193,60,177,144,267,390
177,197,293,296,165,66,278,338,107,228,264,277,657,130,89,34,175,102,31,339,207,100,62,89,221,206,379,261,112,62,61,116,123,46,57,85,153,46,79,76,48,95,107,86,45,81,75,57,131,42,72,157,364,151,55,68,57,109,184,51,180,145,267,317
167,175,271,283,153,65,284,308,107,226,236,261,635,151,98,50,210,94,52,364,153,87,60,109,212,187,379,245,111,42,72,114,83,48,38,70,129,44,60,71,75,112,122,89,84,101,95,65,112,40,60,146,362,140,55,63,102,200,188,51,161,151,300,382
188,248,329,290,172,71,274,274,100,220,313,319,665,108,99,46,211,149,67,366,195,105,78,120,197,260,409,258,200,69,84,131,196,54,81,94,176,52,90,62,68,79,112,88,64,108,91,90,140,45,76,185,387,151,67,84,85,173,237,36,206,138,280,350
190,275,318,290,192,71,271,288,96,203,258,288,638,159,74,45,205,116,65,364,214,92,53,92,213,291,404,270,150,83,44,149,170,56,54,100,167,59,115,56,60,90,131,88,67,98,93,102,133,45,64,176,368,143,59,68,85,118,234,55,179,146,349,427
190,231,281,305,176,72,278,366,94,185,269,285,653,170,114,41,198,107,51,343,195,86,75,88,195,244,407,263,125,63,50,122,154,56,69,86,152,82,69,84,71,90,136,80,60,120,99,63,132,56,57,155,350,177,62,78,92,123,246,44,174,149,372,364
178,239,327,316,165,64,282,300,124,232,278,263,688,204,82,36,198,93,60,406,192,125,81,84,220,204,400,292,168,56,73,108,91,104,43,83,120,39,87,66,73,99,106,68,102,91,123,82,147,52,88,169,390,133,64,91,86,219,239,47,195,144,342,415
189,255,284,294,184,58,281,294,125,204,289,271,635,214,122,55,189,99,42,361,197,107,71,113,215,240,433,268,150,69,119,142,74,45,40,64,125,66,76,63,54,88,139,84,48,84,74,84,208,30,101,177,379,178,64,85,84,129,227,40,198,152,294,373
174,203,288,301,163,65,281,293,119,217,258,273,692,198,115,48,198,115,51,402,164,99,73,105,241,209,409,289,167,75,71,135,89,66,44,157,135,53,99,53,52,103,138,90,46,79,95,83,136,48,76,157,348,142,69,61,96,154,232,38,194,160,288,312
203,238,262,298,207,55,285,272,107,189,223,235,604,148,101,43,166,125,69,301,187,92,63,99,194,254,417,289,140,54,63,144,122,43,52,91,127,62,76,67,75,120,93,95,68,100,84,90,101,40,116,176,361,143,51,85,73,133,237,39,191,138,333,339
195,236,305,294,172,76,273,303,115,241,280,274,632,177,126,35,188,99,52,346,197,79,70,85,199,279,407,285,144,71,58,144,127,47,27,70,192,50,59,67,52,112,113,73,66,112,101,73,134,68,85,177,381,176,59,100,115,180,240,47,197,124,305,378
169,259,267,281,200,70,258,286,95,175,246,264,619,220,95,50,172,89,44,311,179,99,49,66,192,219,385,300,124,69,55,134,97,50,56,75,159,75,64,66,78,85,120,93,133,99,80,79,109,59,68,185,334,142,48,86,79,196,252,48,203,157,292,372
170,235,276,302,168,74,267,312,104,212,300,275,632,180,120,42,195,102,62,361,188,82,64,94,209,242,390,339,164,91,105,121,122,50,51,63,134,53,88,72,78,95,156,86,72,108,107,88,164,32,56,188,359,138,54,77,101,157,217,45,202,146,290,361
183,287,287,298,185,82,245,318,104,174,257,263,641,175,89,39,178,95,64,328,204,141,89,82,223,277,417,249,128,77,49,132,116,48,32,75,125,52,78,55,74,83,101,85,55,99,80,77,115,49,73,182,375,177,64,86,118,156,224,64,192,142,312,364
188,233,305,301,208,72,271,280,107,232,253,272,608,116,120,43,172,86,59,375,185,109,91,90,234,215,402,262,135,60,74,136,105,60,46,82,131,55,84,84,42,87,121,77,80,108,118,65,113,44,73,177,346,158,58,77,92,204,208,44,224,157,261,429
194,220,327,303,160,86,305,377,128,309,275,307,682,181,100,50,222,153,62,452,184,145,66,124,220,216,398,245,187,57,76,128,136,67,49,112,203,69,107,78,94,115,135,91,109,123,113,78,123,44,72,153,380,156,67,58,127,219,234,65,164,180,356,464
238,317,375,309,206,76,296,362,137,233,338,332,650,202,163,57,207,211,85,400,252,139,80,109,191,331,443,276,234,94,89,150,225,82,97,124,229,76,114,89,97,104,140,95,60,126,107,97,158,47,98,217,395,171,82,104,106,154,282,63,230,167,346,472
205,311,365,304,212,74,297,330,127,289,308,329,648,244,122,50,219,138,92,422,217,156,79,99,215,363,414,317,210,110,99,154,214,87,62,137,242,84,139,82,71,96,153,110,60,119,111,99,131,53,87,191,394,169,76,94,96,152,258,85,204,169,419,485
233,283,302,323,224,64,288,365,91,205,268,263,607,237,160,44,186,130,59,380,247,101,79,90,266,314,429,262,152,82,71,161,176,80,97,153,219,105,100,86,76,134,149,105,57,123,91,78,117,77,83,195,333,207,67,89,100,138,299,67,226,164,408,419
206,286,354,329,200,82,306,330,140,261,313,309,707,260,99,49,206,145,56,485,213,218,124,90,227,235,429,293,179,102,73,119,100,106,47,87,134,84,105,71,93,96,138,98,107,113,141,93,172,56,120,188,425,154,63,106,108,233,271,65,195,137,397,464
196,268,297,313,195,77,306,351,129,223,358,290,664,289,164,61,204,137,85,385,226,108,82,137,220,269,440,314,177,91,137,142,116,68,42,91,143,89,94,78,62,105,164,98,65,111,96,99,188,44,112,181,399,174,57,129,102,178,247,53,197,144,338,425
187,216,322,310,170,70,305,316,138,245,290,285,696,194,125,60,221,138,80,413,191,117,107,111,299,221,431,287,211,79,79,155,108,87,68,180,168,80,106,78,93,105,132,120,40,102,101,100,129,66,100,160,345,151,67,101,116,152,239,83,208,186,321,391
209,259,317,318,245,57,330,332,118,264,273,290,648,201,114,55,197,192,71,416,216,94,113,114,222,270,439,316,163,76,77,135,144,74,58,82,161,66,104,80,84,128,150,95,91,126,121,127,138,39,127,186,425,149,63,98,100,193,278,34,204,172,381,437
245,238,335,321,173,81,297,346,154,323,321,343,656,227,128,46,213,140,57,415,214,102,57,87,224,282,386,301,196,99,133,134,141,107,38,89,212,86,107,68,58,118,145,89,78,128,122,81,165,71,85,186,378,161,52,86,119,165,220,63,200,124,357,403
217,259,341,292,208,88,287,326,147,291,278,340,645,224,102,56,204,137,62,400,200,189,99,80,214,224,398,314,160,81,81,139,137,99,69,88,168,82,90,74,86,116,146,105,150,125,112,102,122,56,67,185,382,163,55,94,95,245,285,69,218,179,342,427
223,271,339,307,191,64,273,350,143,213,318,299,611,208,135,43,185,134,78,400,220,117,77,90,210,288,419,321,184,130,96,145,128,94,80,70,180,70,100,71,88,104,141,91,93,116,111,88,189,33,88,221,389,158,71,72,101,190,230,62,198,161,322,472
212,313,311,308,221,92,258,381,113,204,285,271,655,215,126,38,163,143,69,369,254,161,74,87,235,323,454,261,211,86,61,160,179,78,37,109,173,74,110,71,82,105,97,89,52,80,59,82,113,64,75,187,391,179,57,90,122,150,255,73,224,181,375,433
172,222,288,304,205,77,285,315,100,221,280,285,623,145,136,50,189,111,66,391,176,98,100,95,250,214,389,280,129,58,72,135,137,58,67,83,154,56,79,105,70,97,146,92,81,129,131,72,134,50,92,165,362,170,54,92,116,223,208,57,208,149,276,442
