158,206,159,162,161,180,152,160,157,172,170,156,137,178,168,147,154,146,156,157,171,169,175,169,179,128,159,147,154,142,155,143,132,166,145,151,149,144,109,162,158,142,128,174,117,145,157,153,135,168,169,126,188,166,166,144,176,117,173,173,181,165,166,160
254,250,266,264,255,255,252,257,251,228,245,237,243,238,275,271,247,254,274,260,245,252,236,244,233,224,202,211,222,216,215,219,223,189,215,195,198,218,212,228,230,238,242,228,225,234,224,220,238,210,191,240,251,283,267,256,247,268,254,247,224,252,237,223
114,135,133,114,119,125,120,128,88,120,122,116,92,128,124,123,115,105,125,119,135,93,134,120,103,74,83,87,93,92,88,87,87,74,74,102,103,93,67,105,98,83,100,97,85,88,117,66,81,90,81,78,126,127,120,120,128,113,118,136,99,114,137,97
143,163,157,135,150,150,160,180,135,127,139,156,142,155,182,158,119,144,148,156,161,152,137,168,128,136,121,153,122,128,125,162,113,134,105,117,136,117,131,157,153,122,146,110,148,112,168,92,144,145,137,138,156,170,147,144,145,156,170,152,136,160,154,113
177,215,223,166,177,185,180,179,180,184,197,186,170,199,201,197,162,181,182,177,165,167,190,191,191,147,162,187,159,149,160,151,159,161,133,171,175,150,145,165,191,158,146,166,130,159,173,161,155,175,178,165,202,181,178,166,189,142,199,166,177,190,185,174
211,233,231,191,193,213,210,201,160,189,198,207,182,193,253,229,162,197,211,203,169,171,185,217,212,130,104,140,148,116,129,135,143,82,121,122,133,149,98,179,157,138,156,140,142,137,148,115,157,155,127,145,245,246,200,191,202,210,190,193,166,188,220,163
134,111,113,121,103,95,75,83,102,114,114,104,81,119,110,133,105,93,96,73,100,88,111,124,90,73,97,77,87,69,81,57,63,84,68,78,75,57,47,74,80,102,76,66,57,80,69,67,62,93,80,105,120,101,119,106,80,76,79,109,123,97,112,65
168,204,201,164,155,156,157,187,219,181,168,180,149,209,187,185,158,162,152,162,168,224,186,154,166,154,170,139,160,125,160,116,150,158,129,172,131,133,138,158,152,146,145,148,125,150,174,202,135,147,154,144,220,188,153,181,164,160,187,172,231,159,156,148
178,164,150,189,179,211,159,166,161,151,138,155,165,167,177,158,189,193,205,185,176,174,126,155,166,119,124,115,150,123,107,123,143,119,132,95,104,136,129,131,123,129,175,149,152,135,150,117,111,134,134,161,161,169,171,181,198,202,166,193,163,140,155,158
271,205,209,255,235,222,198,208,266,238,238,217,201,271,217,233,244,250,215,229,253,270,224,236,217,185,200,201,196,226,184,180,167,221,217,188,203,179,192,171,189,177,205,187,198,193,205,177,158,210,211,241,213,230,249,221,245,221,244,273,265,214,214,217
226,243,295,249,269,267,271,248,241,252,220,266,231,239,274,248,253,271,263,276,231,238,240,234,266,203,183,253,225,200,209,218,230,203,201,220,228,222,171,198,246,236,232,210,252,202,198,222,227,219,264,204,247,276,261,277,247,289,248,230,240,246,260,241
193,178,201,203,227,142,175,183,212,267,191,181,149,220,198,163,213,228,173,167,204,221,244,195,181,135,179,188,154,164,173,143,169,172,195,166,166,157,148,142,125,153,186,194,133,174,165,186,197,147,140,168,214,183,172,213,194,196,173,201,250,218,178,173
214,267,273,211,213,212,210,214,217,210,199,256,226,231,246,260,211,197,229,208,200,213,234,213,258,195,168,203,198,168,180,189,160,190,170,183,186,202,163,183,247,169,144,165,168,132,203,177,159,197,224,205,237,264,200,211,216,202,218,217,217,214,258,224
244,225,225,212,227,207,220,198,200,244,201,211,196,227,246,205,221,216,213,214,229,194,244,191,227,173,189,209,188,189,164,186,191,196,165,223,173,200,170,188,182,168,211,193,183,182,196,168,206,187,194,214,223,217,190,220,210,212,211,228,217,221,208,210
114,120,116,104,139,122,134,106,141,117,110,78,79,128,128,98,103,136,134,113,93,138,113,126,100,63,75,78,99,78,72,86,81,81,88,79,78,69,76,113,93,82,81,141,88,90,108,69,133,82,69,84,133,125,95,100,146,104,116,142,109,136,81,84
122,130,123,128,122,98,109,120,117,130,126,121,98,114,129,117,120,133,96,102,140,131,124,125,105,100,83,110,109,88,86,72,62,92,92,80,102,73,82,88,102,86,82,89,102,85,95,91,80,105,109,115,128,121,113,102,116,118,118,114,131,123,119,92
224,303,246,209,227,259,208,237,235,224,253,242,229,280,232,254,230,252,239,222,237,234,258,260,241,226,291,247,229,227,271,235,196,263,191,236,254,218,227,237,244,221,197,238,212,192,246,228,217,243,240,261,281,211,227,237,254,200,229,225,250,237,261,241
246,276,278,232,250,254,252,232,251,256,259,266,264,257,269,265,236,248,252,268,241,258,279,250,262,255,223,256,219,241,247,235,220,243,220,262,249,253,211,225,281,228,240,235,220,216,244,245,255,238,274,247,258,263,238,254,268,233,262,249,241,256,273,249
195,138,151,156,136,133,131,135,135,131,157,138,125,188,139,157,164,143,142,134,135,143,137,157,147,116,134,105,109,117,134,105,99,109,110,115,121,113,125,134,121,117,105,123,115,116,122,104,112,135,100,158,147,153,171,163,140,138,126,150,125,153,154,123
198,188,203,174,209,144,171,214,174,166,192,176,150,192,221,184,163,212,177,163,212,167,203,181,148,157,151,162,190,159,158,158,163,147,135,185,166,128,162,189,153,156,184,173,132,158,177,148,167,146,140,190,221,218,175,194,177,179,173,195,175,212,163,148
172,220,183,174,174,194,174,174,203,214,186,206,183,193,193,182,185,189,181,170,181,203,206,199,209,169,190,192,165,162,193,181,154,194,177,196,182,176,154,155,179,178,150,167,153,145,188,181,177,181,209,177,201,168,191,187,192,157,182,184,216,189,188,202
143,123,95,126,114,107,87,95,119,161,121,110,95,156,109,106,105,106,113,94,94,152,137,114,104,105,138,106,107,93,104,92,85,84,128,117,98,69,93,82,69,104,92,85,62,101,101,107,104,99,97,129,142,89,126,121,93,87,105,118,155,116,90,104
301,279,258,280,297,245,246,288,278,251,283,257,260,276,281,255,295,303,249,262,284,291,228,270,260,278,288,263,249,275,285,246,248,238,271,246,265,254,261,269,242,267,281,277,254,267,262,234,246,210,266,289,310,255,267,315,264,246,258,278,278,286,220,291
154,145,107,148,148,129,102,115,146,134,133,129,131,156,134,110,147,147,112,109,140,168,131,148,124,110,129,92,111,134,136,106,84,128,126,117,121,106,109,135,112,109,109,119,101,110,139,97,111,108,120,133,155,124,127,145,121,100,127,150,134,143,135,140
130,107,144,90,127,107,116,79,92,95,73,87,92,115,125,121,97,123,127,124,77,96,91,78,83,81,56,68,94,64,85,78,68,63,76,60,61,65,67,94,112,91,87,83,101,72,70,81,78,66,70,94,105,155,85,129,90,130,96,76,89,85,80,70
138,103,124,90,103,108,86,98,132,117,108,96,79,150,103,131,86,109,109,88,120,112,118,103,96,71,131,63,92,76,91,75,59,90,79,85,84,65,49,96,93,79,80,87,87,79,99,88,81,95,76,119,117,127,87,109,103,86,89,136,102,88,112,87
196,228,216,234,162,206,204,176,146,202,178,190,177,177,242,219,192,169,201,196,159,164,187,178,201,146,114,128,143,124,141,152,140,104,107,121,109,129,111,155,181,183,162,121,180,146,143,153,147,180,167,150,198,226,218,196,184,212,171,146,186,162,201,168
145,172,136,130,121,136,130,118,119,113,117,117,98,137,180,125,129,128,148,125,111,125,131,107,121,95,69,101,78,78,84,96,80,81,60,90,71,89,82,130,123,94,114,117,96,95,101,100,104,101,82,102,171,151,111,147,142,127,139,103,126,127,126,85
209,186,171,179,156,122,155,147,158,163,182,156,138,216,168,178,154,168,132,151,143,168,164,183,144,116,183,142,158,127,124,124,104,142,130,141,145,128,124,151,146,164,131,125,131,135,130,156,149,139,141,190,196,147,176,167,129,137,159,131,188,166,144,139
237,151,202,201,151,184,169,146,184,186,187,154,158,212,171,199,198,158,234,158,187,177,190,177,143,131,149,137,146,161,130,179,123,150,134,157,112,129,147,182,116,205,175,165,171,136,151,190,160,145,129,175,175,160,227,172,189,173,159,184,207,135,161,148
95,114,114,110,79,94,99,64,92,82,81,85,83,111,110,110,97,63,111,74,60,97,85,88,97,82,84,74,104,71,56,92,57,58,76,80,78,83,85,70,77,108,79,76,85,66,58,85,91,81,79,94,105,113,107,83,74,94,79,76,87,88,82,96
103,123,121,109,122,125,123,94,104,112,88,95,94,110,131,123,112,116,123,121,95,89,115,92,100,73,67,77,81,84,85,101,83,79,54,88,65,80,68,102,124,86,104,102,95,68,80,94,107,83,92,88,104,131,106,131,123,107,98,82,113,101,93,95
122,148,161,148,138,138,138,136,175,129,122,135,117,143,135,155,143,151,160,126,125,179,111,121,126,96,123,104,117,104,123,129,103,108,141,105,115,89,96,107,130,137,122,125,126,110,114,135,103,105,119,122,163,153,132,153,139,136,142,146,155,115,123,124
145,129,145,161,163,154,127,132,142,145,117,144,107,164,137,131,153,156,160,139,128,136,122,130,120,108,145,105,123,130,126,113,116,112,131,110,125,99,94,131,111,114,125,135,125,126,119,106,112,110,124,131,159,159,131,159,158,148,143,146,135,119,124,106
257,230,229,233,251,227,235,228,247,214,221,244,205,269,235,238,223,249,232,248,242,250,216,220,211,173,247,237,230,223,211,196,201,202,249,219,217,205,220,234,212,212,220,213,231,246,234,225,215,202,187,248,273,247,232,238,219,233,229,251,243,238,221,187
116,123,103,105,102,93,91,111,126,101,100,115,97,115,125,100,93,96,93,90,117,114,83,109,98,94,93,96,101,90,91,80,79,111,108,75,102,89,97,89,96,100,87,91,79,92,105,84,71,90,105,117,116,106,99,81,98,82,109,123,111,94,108,102
225,248,226,231,216,219,234,195,210,188,220,227,204,213,241,241,235,228,238,235,175,215,167,204,211,224,222,211,210,206,204,215,212,183,202,190,195,190,216,209,222,233,231,220,217,175,213,179,206,203,213,218,231,250,221,230,233,241,199,200,187,191,214,223
176,180,158,229,189,224,177,170,199,180,189,160,159,188,167,176,210,189,200,203,187,205,178,201,167,120,154,132,169,182,168,120,141,153,172,163,178,155,146,183,140,160,160,183,177,181,179,163,179,144,144,165,196,165,205,169,210,189,217,196,197,183,161,163
112,119,81,102,87,97,83,90,82,84,105,122,95,118,111,89,111,103,71,97,78,88,86,91,111,85,94,93,70,81,84,60,79,83,78,82,108,87,84,94,96,106,75,70,88,72,62,73,82,96,102,114,119,87,112,102,80,76,97,78,93,103,97,97
507,417,365,444,449,399,441,426,451,401,434,408,422,448,435,389,439,451,416,437,415,464,397,455,376,446,449,399,408,416,376,421,388,359,417,382,417,384,442,453,384,383,452,409,439,407,450,386,441,359,387,493,451,437,396,462,449,447,387,452,418,447,392,387
216,161,167,239,202,189,185,199,214,200,172,204,183,215,185,188,235,209,197,202,228,210,195,191,188,189,188,174,190,217,166,177,163,203,192,162,197,174,192,194,166,183,228,184,196,188,201,171,183,184,165,219,201,197,203,220,188,180,201,213,199,213,202,177
492,422,432,470,513,441,505,454,463,437,401,456,438,480,459,426,501,495,457,540,456,469,426,411,440,430,445,415,418,499,413,415,392,427,429,398,386,408,459,447,414,407,463,466,489,397,419,386,443,372,424,515,439,465,471,517,490,504,474,462,443,451,399,467
143,122,100,148,127,139,110,126,143,137,127,113,143,135,124,108,120,132,131,107,157,125,134,111,141,123,124,94,111,107,110,108,84,131,113,116,104,111,105,100,83,111,106,103,90,100,105,92,88,123,121,145,126,96,132,115,133,116,133,147,142,106,127,149
353,322,345,323,305,318,291,320,315,292,334,301,290,342,318,345,328,291,334,298,307,299,304,331,300,299,293,270,302,273,293,282,240,288,259,311,292,269,308,318,313,310,303,301,298,275,322,266,318,293,258,334,324,344,299,320,290,292,300,321,286,334,326,309
198,160,202,176,181,212,182,188,170,183,176,192,162,175,178,172,164,206,203,198,173,207,169,163,158,157,159,180,158,157,188,170,163,156,186,164,182,155,159,172,165,161,178,193,175,174,171,165,165,166,170,186,163,182,166,181,243,186,201,177,170,186,164,158
117,140,133,122,93,114,92,108,116,137,119,90,115,124,140,134,108,103,107,103,112,115,113,95,122,103,89,104,123,90,85,91,82,105,102,102,86,92,102,106,121,97,90,93,85,85,109,97,116,112,85,114,127,128,122,101,121,89,116,120,106,100,111,107
475,415,410,473,469,426,427,456,443,441,449,432,445,446,445,447,463,457,441,450,452,449,421,444,402,451,426,419,435,448,427,417,439,409,449,408,425,421,455,457,410,420,467,437,432,447,428,429,440,413,393,460,446,459,439,478,447,427,448,445,430,452,433,443
138,118,114,119,130,106,128,100,152,142,128,128,109,142,102,119,126,137,96,119,147,119,137,127,117,98,137,91,100,118,107,100,74,133,104,101,100,70,84,103,74,78,93,98,103,82,92,107,97,89,114,134,136,107,108,116,129,116,102,154,143,133,100,123
178,156,199,160,151,172,189,208,134,143,186,150,138,165,188,176,160,149,183,185,169,142,197,147,164,109,94,139,123,127,105,137,125,111,96,171,89,146,93,152,136,104,137,143,122,128,141,117,144,111,106,115,168,203,148,175,164,171,193,147,170,192,149,123
86,99,105,59,65,72,80,90,73,52,88,79,77,86,91,88,48,78,93,62,84,78,53,94,82,55,56,67,64,49,62,73,60,54,59,57,54,68,44,72,72,64,62,55,49,61,64,58,69,81,53,61,101,88,71,74,73,69,70,78,65,72,87,47
208,254,252,208,203,253,252,245,174,195,213,234,180,225,250,252,190,201,256,278,212,182,233,200,217,166,140,176,150,141,151,177,175,164,135,178,170,193,160,213,215,179,189,168,204,191,193,167,187,196,174,154,243,232,216,216,224,225,266,195,198,216,245,181
186,148,146,134,131,148,159,148,117,117,151,147,104,189,145,151,127,129,176,164,137,122,115,154,139,107,100,104,110,110,102,115,99,115,93,115,115,116,123,158,130,120,112,122,154,123,97,121,135,122,115,134,164,150,145,122,119,185,157,113,130,136,125,106
170,163,255,168,200,183,179,198,143,139,158,200,167,153,201,228,175,194,178,194,194,136,142,157,197,120,77,116,142,108,119,139,121,101,105,112,121,160,119,136,160,183,163,111,163,166,123,128,141,155,132,144,134,224,191,214,154,192,206,148,130,164,222,150
180,186,193,160,178,176,180,166,122,126,152,152,134,192,186,188,154,178,189,189,162,113,162,145,131,112,117,144,141,109,117,121,95,111,87,112,100,114,97,166,156,122,157,138,142,156,104,106,134,129,125,129,200,192,150,200,167,171,199,136,118,153,166,108
108,107,103,77,66,103,97,78,104,66,93,78,60,107,90,93,66,71,127,73,81,99,79,98,69,64,72,70,76,54,47,112,51,59,67,50,62,49,73,65,81,53,58,67,60,54,82,74,72,81,59,78,109,99,59,74,104,92,76,104,77,84,81,55
210,231,239,175,207,196,202,232,181,167,202,184,190,207,218,242,184,211,206,206,197,152,173,214,191,177,136,196,167,160,187,162,163,190,128,176,166,172,167,175,217,176,169,192,161,166,171,141,193,185,179,195,188,229,212,193,206,190,227,174,170,193,204,180
279,260,246,292,277,259,240,278,250,282,278,292,273,269,260,258,293,272,244,245,279,261,288,295,261,277,269,241,263,268,244,231,240,247,250,247,263,231,251,229,232,253,257,242,239,234,249,251,255,232,269,287,269,272,270,284,251,269,245,277,296,296,272,282
157,161,110,168,142,141,139,158,143,168,158,144,150,162,148,114,177,143,135,148,163,159,157,165,145,151,154,136,103,160,127,119,139,120,131,140,143,120,139,117,124,109,138,113,123,133,127,134,132,129,139,161,162,127,148,168,140,141,139,164,165,142,167,175
116,82,98,100,127,95,79,91,91,89,87,91,94,107,96,86,97,122,88,92,91,95,96,76,98,89,75,70,80,82,85,59,75,66,71,82,64,65,85,78,70,83,85,99,63,64,79,72,90,65,76,112,96,100,96,110,106,81,88,108,91,96,81,87
75,68,80,89,81,71,59,64,57,74,73,63,55,74,64,61,83,80,66,62,65,63,68,59,59,65,52,59,79,63,74,61,54,48,77,63,51,46,71,44,57,64,79,69,62,48,55,67,59,54,64,68,64,81,83,91,56,59,64,61,60,63,63,68
305,334,383,323,325,359,362,379,326,357,332,377,331,311,347,335,322,325,314,384,364,323,361,332,383,310,279,346,314,284,315,309,331,336,283,329,329,316,269,269,317,299,279,272,309,318,288,325,291,319,358,289,310,359,328,324,322,342,396,309,368,334,372,343
514,443,475,545,487,456,432,488,477,493,478,467,465,497,487,471,535,465,470,475,501,491,490,498,430,482,496,464,489,512,431,453,463,450,492,441,467,419,513,468,423,490,520,452,485,472,454,477,476,446,406,525,490,506,496,490,456,480,479,516,496,488,468,468
125,131,174,150,131,143,137,121,115,155,116,165,136,119,164,141,155,139,134,156,131,126,140,128,144,117,97,112,123,126,121,84,129,111,103,119,115,83,96,106,118,132,119,106,131,123,79,135,107,136,135,121,128,164,158,136,108,153,149,111,146,112,149,128
88,90,83,119,98,90,77,83,70,91,79,79,58,86,101,94,88,90,91,75,75,67,88,67,84,57,46,61,84,72,65,64,64,51,63,66,61,48,48,67,72,62,67,76,67,54,54,69,60,72,59,63,90,102,105,88,101,78,88,75,77,77,84,65
