0,64,0,13,2,8,74,11,4,2,173,8,0,44,14,199,0,8,2,78,9,12,28,20,38,12,39,50,13,0,18,21,59,0,1,78,11,2,0,28,0,0,37,0,97,41,6,13,0,41,27,15,19,0,17,4,14,10,36,11,3,36,80,15,35,42,25,41,10,19,38,21,35,2,0,7,69,5,29,58,29,11,1,0,21,6,18,43,36,8,26,19,9,4,33,12,11,19,1,6,5,0,21,41,14,1,7,2,24,18,16,38,0,95,40,0,7,22,205,10,58,0,8,1,9,18,10,44
0,54,0,27,1,8,42,11,1,1,28,21,0,10,43,43,0,23,1,47,2,2,8,27,20,6,16,56,69,0,24,11,195,0,0,5,13,2,0,3,0,0,6,0,0,12,1,1,60,19,3,3,0,47,214,1,142,4,3,70,4,14,34,7,26,40,1,11,3,2,45,2,176,2,0,0,11,18,1,0,14,4,2,0,16,4,0,7,36,5,47,2,7,11,0,145,6,9,0,9,20,0,3,199,1,0,3,1,58,13,3,2,0,63,4,0,0,12,0,1,44,1,0,6,2,10,0,3
0,69,0,5,1,25,74,18,2,2,84,13,34,12,16,119,0,5,4,62,0,6,19,20,35,0,18,31,46,0,18,62,100,0,6,24,5,0,0,8,0,27,26,0,2,31,9,17,4,28,21,23,3,29,49,4,22,15,6,6,0,22,45,23,25,38,29,22,5,9,21,12,87,19,3,8,8,11,12,15,29,12,3,0,78,4,8,26,42,4,30,16,6,11,7,30,5,10,0,1,7,0,28,73,11,0,7,0,16,15,16,3,0,142,19,0,1,30,66,5,84,0,0,5,3,21,5,10
0,50,0,6,1,7,98,25,3,3,64,18,0,16,17,87,1,22,2,108,1,5,19,27,24,7,39,11,48,0,29,22,62,0,1,6,3,2,0,31,6,0,16,2,0,22,0,6,14,29,14,24,9,39,93,7,14,4,9,15,15,31,97,11,43,5,6,27,4,9,57,8,39,2,0,5,28,0,9,23,16,10,3,0,31,21,7,16,71,12,41,7,49,0,0,26,7,17,1,3,80,0,14,40,8,0,4,3,80,15,19,4,0,60,12,0,8,43,10,0,62,0,11,5,2,17,2,36
0,30,0,5,1,18,90,13,4,5,80,16,0,11,20,136,0,8,8,142,0,3,33,24,28,4,27,5,30,0,25,7,67,0,5,19,6,1,0,14,2,2,27,0,0,16,6,11,4,32,33,8,4,11,35,6,9,8,10,10,8,32,41,30,27,42,13,21,14,16,79,9,39,4,2,15,17,7,32,25,24,3,2,0,6,1,19,31,94,10,31,29,9,3,6,30,11,11,1,3,13,0,17,29,6,0,2,1,20,31,11,22,0,127,32,0,3,35,38,2,89,0,14,9,3,22,8,30
0,23,0,20,1,13,66,15,14,4,125,7,0,36,10,118,0,7,3,123,3,3,22,14,30,1,11,8,28,0,14,5,46,1,1,17,15,1,0,19,0,0,24,0,9,16,33,16,0,23,38,11,17,0,16,5,10,5,35,14,3,25,29,28,14,13,2,36,15,9,37,47,27,7,0,2,58,6,22,11,14,5,2,0,11,2,16,41,32,17,16,50,2,4,25,19,6,8,1,1,7,0,17,22,5,0,5,0,21,29,17,35,1,117,42,0,2,19,116,1,50,0,1,5,1,26,1,53
0,70,1,3,1,17,71,16,4,1,76,11,67,19,5,27,4,1,1,93,1,3,10,27,32,1,28,14,45,0,31,3,57,5,2,38,4,3,0,20,0,0,14,0,0,55,13,18,2,35,26,14,2,12,41,2,17,19,6,11,3,27,38,16,21,33,5,25,17,13,29,17,45,6,8,3,15,25,18,24,38,1,7,0,8,41,2,31,119,5,22,53,5,1,2,28,11,4,3,1,4,0,19,41,5,6,6,26,34,15,10,10,0,62,26,0,4,11,24,1,55,0,4,5,3,16,12,12
0,72,0,8,1,11,44,22,1,2,65,4,0,14,5,19,0,5,1,144,0,20,27,43,24,6,36,8,26,0,49,0,53,0,4,4,1,6,0,22,1,0,19,0,0,81,0,4,9,25,14,21,1,70,60,2,34,4,16,13,12,23,30,22,30,15,0,27,8,36,21,4,40,4,1,8,29,3,5,4,17,27,4,0,11,32,24,9,104,11,26,15,34,10,15,47,10,20,0,1,62,0,15,38,2,0,10,0,30,14,21,13,0,32,28,0,3,6,9,2,46,0,12,0,2,25,29,13
0,67,0,3,1,7,62,13,3,1,47,48,0,10,6,21,0,14,2,92,0,7,7,20,24,11,40,28,39,0,52,7,82,0,2,17,7,4,0,15,0,0,17,0,0,15,55,1,13,26,7,12,3,25,86,1,44,8,10,12,3,25,36,23,35,9,3,11,6,13,33,12,63,1,0,3,12,8,5,10,43,12,1,0,10,0,3,21,86,1,30,31,21,5,17,27,13,10,0,7,37,0,9,113,1,0,5,4,32,10,7,10,0,37,7,0,10,41,4,3,27,0,1,44,2,10,5,30
0,23,0,17,1,15,42,22,11,3,120,4,4,28,5,37,0,4,22,65,12,0,6,13,21,44,28,11,13,0,74,10,23,6,4,35,5,0,0,14,6,0,37,0,5,4,0,15,15,32,29,0,22,0,8,7,19,8,26,47,7,33,18,10,68,9,0,45,33,16,33,12,4,27,9,0,13,1,19,16,32,14,3,0,1,22,16,29,91,8,28,9,12,2,14,0,0,6,0,37,4,0,14,42,3,0,8,17,26,31,6,37,0,45,45,0,9,0,36,4,29,0,9,3,3,17,17,52
4,68,3,19,1,3,48,22,8,1,37,3,0,13,4,6,5,1,6,108,1,1,2,11,21,4,23,11,31,14,67,4,70,2,3,2,2,5,0,15,6,3,17,26,0,100,2,19,24,20,10,6,6,22,111,6,62,6,12,25,9,16,21,22,48,33,1,24,5,5,20,21,41,15,6,2,7,5,11,12,22,4,1,0,1,24,2,25,65,11,33,1,11,1,4,38,16,6,10,1,37,0,11,99,0,20,7,32,8,22,5,3,0,18,20,19,7,7,9,1,29,0,0,0,4,13,6,11
0,41,0,3,2,7,76,18,5,1,58,5,0,7,6,25,1,8,2,59,2,3,10,22,26,5,28,104,18,0,50,7,67,0,25,82,1,4,0,17,0,0,20,0,82,26,0,3,3,23,12,24,2,0,24,2,5,26,10,19,1,22,12,10,19,8,6,10,12,10,7,7,43,7,4,0,20,6,23,18,62,3,1,0,4,3,10,18,97,2,19,11,2,24,2,24,4,15,3,2,7,0,11,54,11,0,14,0,62,0,3,11,0,27,12,0,2,0,53,42,9,0,3,37,4,5,17,29
0,71,0,6,1,3,50,18,5,2,76,7,0,13,4,46,0,9,3,49,2,15,7,22,15,0,41,50,24,0,38,7,58,0,5,57,4,4,0,14,0,0,27,0,1,27,10,7,3,32,12,14,3,5,41,1,28,13,16,15,1,31,43,13,54,16,16,21,4,10,16,10,33,4,16,4,5,12,11,22,56,14,2,0,13,0,13,14,93,3,32,5,15,23,9,25,0,15,3,1,10,0,11,83,5,0,6,0,31,6,5,14,0,35,7,0,5,18,51,10,12,0,15,5,0,9,12,23
0,46,1,4,1,18,54,18,14,3,79,5,0,10,7,108,0,0,2,114,0,9,31,25,24,0,24,42,23,1,39,11,30,0,0,31,7,3,0,31,0,0,17,0,10,39,0,8,4,30,12,23,7,7,11,3,5,7,9,5,1,31,33,12,27,12,3,31,16,15,31,2,17,2,5,5,8,4,2,12,18,11,2,0,14,3,13,11,95,5,31,17,5,2,3,17,13,10,1,2,6,0,13,26,13,0,8,0,24,18,7,16,0,52,26,0,7,9,73,0,56,0,4,12,1,16,2,49
0,53,0,4,1,1,88,19,1,1,26,38,0,6,2,29,0,25,0,84,0,40,46,75,15,0,4,6,21,0,9,5,122,0,1,2,3,6,0,8,0,0,4,0,0,11,0,1,6,20,9,31,5,64,109,0,12,7,4,2,9,7,67,14,8,48,0,5,4,4,22,0,74,3,0,0,25,30,14,2,22,10,2,0,8,0,1,6,56,1,28,4,0,22,2,15,30,6,0,1,13,0,25,66,16,0,8,0,51,3,26,7,0,60,14,0,0,61,2,0,17,0,0,0,1,3,1,2
6,53,0,3,1,5,97,9,6,2,51,36,0,10,3,50,4,7,6,24,2,7,18,19,19,7,20,77,19,1,23,1,65,7,0,62,12,2,0,13,2,0,5,0,26,39,1,0,1,25,8,38,4,1,25,4,12,5,10,8,16,22,27,15,15,9,6,22,4,4,27,3,28,8,0,11,13,6,2,7,24,3,2,0,13,2,0,10,9,9,24,40,0,16,6,23,17,7,10,4,22,2,19,34,11,1,1,16,37,14,7,5,0,38,1,11,1,2,41,20,34,1,3,40,2,14,0,38
0,39,0,11,1,5,106,10,4,4,95,2,0,15,7,101,0,4,9,61,2,4,29,12,19,0,16,8,10,0,19,3,32,1,1,25,7,1,0,28,2,0,17,0,7,11,19,4,2,19,25,21,8,10,9,9,3,9,19,6,7,23,34,15,24,11,2,39,14,8,34,3,18,10,0,8,29,0,4,16,29,7,1,0,3,6,10,21,28,13,22,48,5,3,5,8,6,7,1,3,31,5,17,14,5,0,5,1,0,26,16,19,0,36,23,1,3,7,54,2,52,0,9,18,1,13,1,41
1,61,4,8,1,4,32,14,20,1,58,2,0,20,3,40,14,5,4,68,1,3,2,5,22,0,27,47,28,3,25,12,48,17,2,24,2,10,0,20,0,0,17,7,0,30,0,21,0,22,15,3,4,13,32,1,28,7,15,14,2,23,15,10,46,8,3,25,12,13,26,14,48,3,3,2,19,2,6,23,22,1,3,0,7,14,12,26,60,14,18,4,6,3,4,25,7,8,19,1,0,8,21,68,0,5,4,41,16,18,9,17,0,31,18,4,11,18,28,2,11,0,5,3,0,7,0,11
0,34,0,6,2,2,44,18,21,3,48,17,3,9,7,17,0,4,6,158,0,7,30,43,23,1,18,22,33,4,32,5,33,2,0,26,11,6,0,10,1,19,12,0,7,14,2,6,5,28,15,16,1,6,33,2,8,9,10,8,0,25,12,18,16,18,6,18,15,15,31,8,23,8,1,14,4,23,0,11,19,8,1,0,10,21,20,15,42,6,24,1,2,8,4,7,3,14,5,6,10,0,8,29,3,0,5,9,25,26,8,16,0,52,44,0,1,12,33,0,31,0,12,30,8,15,0,34
0,50,0,9,1,5,40,31,4,1,56,29,15,21,5,27,0,1,4,59,3,5,12,35,15,4,26,20,33,0,39,11,38,1,1,34,1,1,0,7,0,0,15,0,0,65,3,7,3,18,16,14,8,7,28,5,20,10,15,20,2,16,33,10,32,18,1,15,5,4,14,2,41,10,1,2,16,18,7,20,24,8,1,0,4,14,3,14,69,6,13,0,14,6,13,34,13,4,0,3,18,0,17,54,4,0,6,0,12,17,12,12,0,37,6,0,9,7,54,11,24,0,1,36,2,11,0,10
0,35,0,3,1,5,75,13,0,1,50,34,0,16,6,109,0,5,1,22,0,15,17,35,17,0,8,14,13,0,12,6,85,0,0,21,12,1,0,11,0,0,10,0,0,40,0,0,6,20,5,25,3,23,31,1,15,8,8,3,2,8,58,22,12,25,17,12,1,2,34,0,56,2,1,5,33,8,4,6,18,2,1,0,37,0,0,3,47,6,32,2,1,4,10,26,19,5,0,1,9,0,12,31,12,0,4,0,10,12,18,1,0,121,8,0,0,23,20,1,78,2,0,1,2,10,0,6
0,35,0,4,1,14,72,11,7,1,43,26,0,10,4,71,0,6,3,69,0,3,10,19,15,0,22,3,32,0,14,6,52,0,0,7,10,6,0,17,0,0,13,0,1,37,0,1,0,19,18,18,3,12,19,12,7,7,4,9,2,14,39,21,21,6,5,18,4,9,28,0,22,4,1,5,21,0,18,11,27,8,1,0,8,48,4,10,58,4,24,6,16,0,7,27,15,6,0,2,23,0,13,16,10,0,5,0,21,8,2,1,0,70,21,0,2,20,32,2,57,0,7,29,3,10,2,25
0,28,0,6,1,14,38,19,6,1,82,5,0,18,5,35,0,6,4,118,0,5,16,15,16,12,26,0,28,0,37,13,20,0,2,5,2,0,0,12,8,0,27,0,0,15,2,6,6,23,17,5,8,0,8,12,2,9,19,9,1,21,29,8,49,20,11,23,7,19,32,3,1,7,0,2,24,0,26,12,33,14,5,0,12,6,21,23,99,8,23,7,12,3,13,3,4,20,1,3,21,0,17,6,4,0,2,2,34,28,10,4,0,33,12,0,2,7,22,1,31,0,6,0,0,17,30,7
0,63,0,9,1,4,48,9,4,1,48,14,1,15,0,18,0,17,11,53,4,0,4,23,21,12,33,0,14,0,33,1,26,1,4,16,8,0,0,9,91,0,21,0,0,7,19,8,23,21,8,4,10,4,44,3,2,9,11,9,6,15,41,10,22,6,0,12,7,9,42,1,5,10,1,6,14,5,9,20,34,8,2,0,1,10,6,13,71,8,30,1,29,6,17,3,0,15,0,3,47,1,5,39,2,0,5,0,53,11,5,10,0,31,6,0,0,12,35,2,22,0,10,1,12,14,4,4
0,46,0,5,1,2,86,12,7,1,51,5,0,8,5,51,0,1,13,18,1,7,3,16,22,4,28,12,14,0,35,2,25,0,5,37,3,1,0,36,0,0,32,0,0,6,0,5,6,29,19,36,7,3,28,10,2,7,6,7,0,27,27,14,61,6,2,22,13,13,10,6,17,7,3,2,12,1,15,5,43,4,5,0,2,1,13,15,121,9,21,4,17,3,0,5,4,21,0,1,11,0,11,26,8,0,11,0,8,11,8,1,0,30,10,0,9,12,21,3,31,0,17,9,6,15,14,26
0,50,0,3,1,3,84,8,2,1,39,18,0,11,4,44,0,11,1,60,0,19,14,20,15,0,16,7,21,0,21,4,65,0,0,24,12,11,0,19,0,0,11,0,1,4,10,0,6,17,11,18,3,16,39,5,19,8,6,5,8,13,19,7,14,20,6,13,7,4,53,9,48,2,0,0,18,11,0,0,19,9,2,0,5,0,4,14,56,2,17,17,6,8,1,13,23,6,0,1,6,0,12,50,6,0,4,1,62,10,7,18,0,40,10,0,8,24,23,8,26,0,8,1,6,4,6,2
0,29,0,3,1,7,76,21,9,1,68,7,0,21,4,49,0,12,2,66,0,13,13,20,16,2,10,8,28,0,14,5,37,0,4,18,2,2,0,20,0,0,20,0,4,2,0,25,0,15,15,13,4,3,9,2,3,9,19,3,2,16,33,9,19,9,9,18,5,4,32,20,39,7,1,3,18,19,13,5,18,7,2,0,3,2,10,19,44,5,23,19,4,9,18,5,3,3,1,1,6,0,14,30,1,0,7,0,36,5,15,12,2,38,16,0,7,19,46,0,18,0,5,1,1,14,8,24
0,60,0,6,1,3,42,16,3,1,44,31,0,8,0,22,0,2,5,74,0,12,8,22,17,23,25,22,25,0,34,1,39,0,3,26,2,2,0,2,0,0,11,0,0,10,0,0,19,20,14,8,9,8,34,1,10,12,6,9,2,7,18,14,28,33,7,6,5,0,43,0,6,5,4,1,4,30,8,16,29,3,2,0,1,13,4,11,76,3,31,3,19,24,12,5,2,3,0,12,22,0,26,68,2,0,7,7,21,12,10,9,0,26,8,0,0,13,16,0,2,0,6,1,0,4,0,2
0,20,0,5,1,1,69,15,12,2,67,6,0,17,1,65,0,14,3,61,1,6,13,19,19,8,23,5,14,0,18,5,28,0,0,8,2,0,0,23,0,0,18,0,0,1,6,6,11,20,12,14,5,1,9,4,2,7,14,6,1,23,30,9,31,19,0,23,9,28,69,12,1,4,1,0,15,6,7,11,25,1,1,0,1,1,11,26,92,2,15,14,6,2,3,0,3,12,0,4,5,0,15,22,1,0,7,1,16,14,13,11,0,32,17,0,4,14,9,0,11,0,4,0,0,15,26,14
0,30,0,13,1,7,51,14,1,1,58,2,0,28,4,25,0,3,3,60,13,1,11,5,10,27,10,11,21,0,70,2,8,0,0,23,4,1,0,2,0,0,27,0,0,5,0,3,5,13,21,4,17,11,21,6,26,7,12,49,2,13,10,5,40,15,0,10,5,0,31,0,8,3,5,0,16,0,6,22,22,4,1,0,1,8,6,7,57,0,17,8,3,5,39,24,3,5,0,2,16,0,26,69,4,0,3,0,19,17,2,7,0,25,17,0,5,12,14,8,10,0,0,1,1,1,3,6
0,15,0,7,1,5,53,15,6,1,53,19,0,11,5,40,0,7,6,61,1,3,9,25,16,18,10,0,13,0,28,0,32,10,3,22,2,0,0,14,1,0,17,1,0,12,0,4,22,25,12,4,4,1,22,2,5,12,11,8,6,13,34,12,36,18,1,20,5,1,52,3,7,11,4,4,12,4,9,16,29,4,2,0,8,3,2,24,79,2,27,1,7,14,8,1,3,10,0,11,19,0,5,32,5,0,5,19,20,7,14,10,0,35,4,0,1,6,16,1,10,0,0,0,2,14,2,4
0,45,0,5,1,9,47,8,0,1,24,23,0,4,1,16,0,0,3,74,0,4,15,27,11,6,19,1,31,0,33,2,26,0,3,10,1,0,0,5,0,0,8,0,0,9,1,2,6,21,4,9,2,11,44,3,1,15,9,8,19,12,28,10,20,16,7,8,5,5,21,0,5,8,28,1,9,7,1,4,21,10,3,0,7,0,8,16,130,4,25,4,11,28,7,6,1,13,0,7,24,0,2,47,0,0,9,1,18,3,4,8,0,29,13,0,2,9,3,1,20,0,3,0,1,16,5,3
0,41,0,1,2,4,97,7,1,2,32,22,0,5,2,46,0,5,6,21,2,5,23,24,14,3,6,29,29,0,16,2,38,0,2,25,4,1,0,14,5,0,5,0,14,18,0,1,1,12,4,36,1,24,43,6,5,10,5,5,1,8,8,6,14,7,1,10,3,2,28,1,36,6,2,11,22,2,1,7,23,1,3,0,10,0,1,11,14,3,12,20,2,18,2,31,20,2,0,3,34,0,9,11,15,0,5,0,53,6,8,1,0,40,4,0,4,1,19,8,15,0,2,4,0,6,0,13
0,36,0,4,1,7,69,15,8,1,54,6,0,20,0,60,0,0,2,82,1,1,13,15,14,0,10,11,30,1,8,1,20,0,2,15,10,0,0,5,0,0,20,0,0,11,4,4,2,14,4,6,4,3,30,2,8,6,17,4,0,14,26,8,33,12,0,18,6,18,24,7,24,1,0,0,8,0,0,17,14,5,2,0,3,0,10,19,52,4,13,29,8,4,4,9,1,7,0,1,8,0,9,14,4,0,3,0,22,18,9,27,0,51,12,0,9,6,5,1,24,0,5,4,4,7,12,12
0,49,0,3,2,7,37,14,7,1,33,19,0,10,2,17,1,5,9,44,0,4,0,4,16,14,11,24,17,0,37,4,40,0,0,5,2,0,0,17,0,0,15,0,0,29,2,6,9,17,16,8,2,6,51,4,29,16,9,23,0,15,9,6,53,8,0,13,5,2,15,7,25,14,0,1,2,2,3,14,27,2,3,0,1,8,4,18,64,10,15,5,3,2,5,16,3,10,0,4,9,0,8,51,0,0,15,0,31,9,9,4,0,31,5,0,5,4,6,0,9,0,17,1,0,6,4,13
0,39,0,4,1,1,54,11,10,1,24,5,0,9,3,23,0,8,2,44,0,17,7,17,11,0,7,12,14,0,14,0,62,0,0,5,5,4,0,16,0,0,3,0,0,7,0,2,4,12,12,21,2,12,40,1,8,9,12,3,1,8,25,9,9,20,4,9,5,4,56,8,49,4,1,1,26,23,4,2,24,8,1,0,9,2,2,7,25,9,20,2,4,9,10,12,9,8,0,1,13,0,8,54,20,0,3,0,42,8,18,11,0,40,12,0,6,24,10,3,13,2,4,6,0,2,5,8
0,17,0,2,1,7,74,11,0,2,64,9,0,11,7,43,0,4,2,26,0,10,6,15,13,0,17,51,20,0,7,3,37,0,0,50,13,1,0,3,0,0,9,0,16,13,0,0,0,14,8,7,7,3,14,3,2,5,5,7,1,11,25,13,14,12,12,18,1,0,26,1,21,2,0,6,11,4,6,7,20,2,1,0,11,4,1,9,13,9,16,4,4,2,3,13,8,7,0,2,13,0,12,28,10,0,5,0,34,5,3,4,0,45,11,0,3,7,75,13,23,0,0,17,6,8,0,23
0,23,0,10,1,15,56,20,6,1,66,2,0,13,4,56,0,6,6,74,1,10,11,12,14,8,9,9,26,0,25,4,11,0,1,9,2,0,0,6,0,0,13,0,6,1,1,13,3,19,11,15,6,1,0,1,2,6,15,11,0,14,22,10,21,10,3,21,12,2,39,14,1,4,2,0,16,0,14,8,18,3,2,0,11,0,10,22,40,8,16,3,7,4,6,1,2,4,0,2,12,0,8,10,2,0,4,1,59,7,3,5,1,46,16,0,6,5,49,0,28,0,4,0,2,5,0,18
0,26,0,4,1,5,63,13,5,1,45,14,0,15,3,44,0,8,2,49,0,3,12,31,15,1,5,6,25,0,7,2,61,0,3,15,3,0,0,1,0,0,8,0,0,3,0,1,2,13,10,8,3,14,40,0,14,6,5,2,1,12,38,6,12,27,3,11,5,4,24,0,58,1,0,0,22,12,6,20,11,5,2,0,4,1,2,9,37,2,23,4,2,9,3,11,3,5,0,1,6,0,17,38,5,0,4,0,31,17,5,5,1,39,12,0,1,28,15,5,23,0,0,0,0,11,1,3
0,32,0,2,1,4,66,16,5,1,32,10,0,8,0,34,0,14,2,32,0,19,9,18,9,0,12,5,36,0,7,11,47,0,4,13,3,1,0,5,0,0,6,0,0,24,0,4,3,10,11,19,2,2,29,0,13,16,9,3,4,6,32,5,9,24,6,2,4,2,12,7,51,5,4,2,8,5,1,18,32,5,1,0,10,0,1,11,54,1,19,3,8,8,10,23,9,3,0,1,2,0,34,38,9,0,15,0,54,10,4,2,0,32,10,0,0,18,15,1,10,0,3,1,1,5,1,0
0,15,0,10,1,5,59,20,9,2,52,10,0,11,6,31,0,2,3,87,1,4,11,15,12,3,5,11,23,0,15,4,20,0,0,8,3,0,0,14,0,0,10,0,0,21,0,14,0,15,13,15,8,11,2,1,4,8,14,4,0,12,22,11,22,7,0,14,9,3,23,12,15,6,0,0,17,0,0,19,19,3,3,0,5,1,11,22,85,8,18,9,2,4,7,14,3,7,0,2,21,0,4,0,5,0,5,0,21,12,12,17,0,38,24,0,1,7,8,0,12,0,12,4,5,10,14,13
0,31,0,5,1,11,39,12,3,1,63,7,1,11,2,48,0,0,1,65,0,5,8,15,15,14,8,17,10,0,26,1,20,0,1,24,4,0,0,8,0,0,14,0,0,8,4,4,6,19,4,4,1,2,11,1,11,6,13,8,0,16,18,12,23,10,4,19,10,6,50,8,1,1,6,1,15,4,4,7,22,3,6,0,15,0,1,19,37,7,22,22,5,0,3,1,1,5,0,5,11,0,2,27,4,0,6,0,7,9,4,9,0,58,9,0,2,17,37,2,35,1,1,5,0,11,0,17
0,27,0,2,1,3,63,10,0,1,39,26,0,14,6,47,0,1,2,35,0,1,13,20,10,2,9,19,46,0,13,8,43,0,3,4,1,0,0,4,0,0,8,0,0,18,0,0,3,14,6,5,1,7,44,2,8,5,9,9,2,10,26,7,25,15,1,12,7,2,36,4,45,1,0,11,15,8,0,3,12,6,1,0,6,0,2,8,49,5,26,1,6,2,10,21,9,9,0,2,13,0,4,24,3,0,4,0,26,10,5,2,0,57,5,0,4,14,0,4,42,0,0,6,0,2,1,5
0,24,0,7,1,3,97,11,2,1,29,30,0,12,3,37,0,20,4,51,0,11,34,33,11,0,4,3,23,0,7,2,64,0,0,2,2,0,0,1,0,0,5,0,1,5,0,1,6,12,3,19,3,10,51,2,3,14,9,2,1,4,32,5,12,12,4,7,6,1,21,1,46,11,0,2,18,9,6,1,19,11,1,0,12,0,0,6,25,2,22,2,1,10,2,17,0,1,0,1,10,0,14,33,3,0,9,0,43,2,4,0,0,49,12,0,0,13,13,1,10,0,0,0,0,10,0,0
0,13,0,2,1,5,34,13,5,1,43,8,0,10,1,11,0,9,4,28,0,4,5,5,16,0,7,29,9,0,10,1,11,0,32,54,2,5,0,4,0,0,27,0,5,23,16,2,2,16,12,4,0,0,1,3,1,21,10,6,0,11,5,8,30,0,16,5,16,1,9,15,3,3,1,0,7,1,3,9,66,2,1,0,18,0,5,12,39,5,0,70,1,37,13,6,0,2,0,2,0,0,16,12,3,0,11,0,41,6,0,14,2,26,3,0,14,5,4,58,4,0,2,2,2,21,10,15
0,27,0,5,1,2,87,8,1,1,28,21,0,12,6,42,0,15,3,49,0,15,33,32,11,0,2,3,21,0,9,2,67,0,0,1,2,0,0,1,0,0,3,0,1,3,0,1,5,12,3,21,4,10,57,0,5,14,9,2,3,4,25,7,11,15,6,7,4,1,23,2,46,9,0,1,18,12,6,1,23,14,1,0,11,0,0,8,24,2,24,4,2,10,2,14,2,4,0,1,7,0,14,35,4,0,10,0,35,1,4,0,0,40,10,0,0,16,14,0,8,0,0,0,0,13,0,1
0,40,0,2,1,5,60,7,4,1,50,3,0,7,1,48,0,1,1,54,0,6,9,11,15,2,23,36,3,0,29,1,17,0,1,32,3,2,0,23,0,0,18,0,6,17,0,7,3,19,9,6,4,1,15,1,0,6,7,4,1,17,27,5,16,8,5,17,9,10,17,3,9,4,0,2,12,4,7,5,19,4,3,0,1,0,7,18,83,3,17,2,10,4,1,11,4,13,0,1,12,0,5,24,3,0,3,1,4,5,7,7,0,25,8,0,5,1,35,11,8,0,1,11,1,7,4,28
0,29,0,7,1,2,52,11,0,1,50,16,0,9,3,45,0,8,4,38,0,7,22,24,12,2,2,10,26,0,9,9,44,0,0,4,7,1,0,1,0,0,8,0,3,8,0,9,1,11,13,22,7,1,33,1,13,4,10,2,2,9,26,8,9,21,2,16,6,1,13,13,50,7,0,0,19,9,1,8,15,10,1,0,8,3,3,12,11,5,22,6,1,8,3,12,6,2,0,4,11,0,7,38,2,0,6,1,9,7,4,1,0,36,24,0,1,25,48,0,15,2,0,1,1,8,1,14
0,38,0,7,1,4,58,9,0,1,35,19,0,14,5,20,0,5,4,32,0,14,14,17,13,0,12,2,21,0,12,8,34,0,1,8,8,6,0,3,0,0,2,0,0,18,0,2,4,14,4,21,2,17,49,1,16,11,5,7,2,7,40,10,11,8,2,7,10,0,27,5,13,4,0,8,11,7,0,10,32,15,2,0,20,0,0,8,31,1,22,13,4,11,2,19,41,6,0,2,30,0,15,32,9,0,4,0,8,3,28,0,0,22,2,0,0,10,6,0,9,0,0,1,6,1,0,5
0,17,0,10,1,2,35,13,22,1,55,2,13,14,0,53,4,0,2,48,2,3,7,1,20,0,5,1,17,0,4,3,21,1,0,4,6,1,0,3,0,17,13,0,13,2,41,16,1,21,28,2,6,0,0,1,2,7,18,6,0,20,24,4,10,9,0,27,4,19,10,30,1,4,0,1,4,0,12,26,14,10,1,0,1,3,19,16,6,7,1,13,3,0,5,1,15,6,7,1,0,2,7,0,2,3,6,20,3,12,1,16,0,12,9,1,0,11,84,1,16,0,13,0,3,13,3,11
0,37,0,3,1,9,44,10,3,1,35,26,0,10,3,36,0,4,4,51,0,3,4,19,15,7,5,10,22,0,23,6,34,0,1,6,1,0,0,1,0,0,6,0,0,14,0,2,17,15,9,9,1,2,34,1,9,7,6,5,0,9,23,11,24,19,1,6,6,3,24,2,19,4,5,0,5,21,6,9,37,6,1,0,2,9,1,17,53,0,19,1,2,16,0,0,3,4,0,1,14,0,27,24,6,0,6,0,24,11,6,5,0,32,5,0,5,32,1,1,19,0,0,0,1,6,1,2
0,38,0,1,2,3,71,7,2,2,33,18,0,5,6,36,0,2,12,21,1,2,20,18,12,17,6,31,20,0,18,4,27,0,0,30,5,0,0,8,4,0,8,0,14,19,0,3,1,11,3,37,1,12,29,8,4,10,5,4,0,7,7,5,13,0,0,7,3,0,18,1,23,11,0,5,14,0,0,7,29,17,3,0,7,0,1,7,13,4,16,20,2,17,1,17,18,1,0,8,25,0,9,11,13,0,5,1,22,7,9,1,0,33,3,0,4,0,28,7,7,0,0,2,2,5,0,13
0,37,0,2,1,2,51,13,9,1,41,19,0,12,3,22,0,9,4,49,0,7,5,16,11,7,9,6,16,0,6,2,42,0,0,16,2,1,0,0,0,0,12,0,4,6,0,2,1,13,4,8,1,7,25,0,15,10,15,1,5,10,14,6,13,13,2,7,11,8,22,1,38,3,1,1,12,9,0,26,30,2,1,0,2,0,7,7,37,2,14,20,1,6,15,12,8,3,0,1,7,0,9,37,5,0,5,0,46,8,7,22,0,22,8,0,7,9,20,3,3,0,8,2,4,7,3,3
0,33,0,7,1,8,52,15,3,1,49,8,0,8,11,12,0,0,3,54,0,3,11,20,14,0,12,21,23,0,17,3,15,0,1,18,3,1,0,8,0,0,2,0,3,33,1,0,4,17,7,9,3,8,19,5,7,6,7,3,1,17,21,6,9,7,2,8,9,7,34,6,17,5,0,0,10,3,0,2,31,8,1,0,2,0,3,10,55,3,20,8,4,4,4,23,6,9,0,2,19,0,12,16,8,0,6,0,26,9,5,5,0,31,8,0,3,2,22,5,26,0,2,10,2,6,4,7
0,11,0,10,1,11,46,23,4,1,41,9,1,12,4,21,0,1,8,62,1,16,13,20,17,12,4,1,18,0,22,1,23,2,3,4,1,3,0,25,4,0,16,0,0,2,0,5,10,14,13,6,4,0,13,2,2,11,9,7,2,12,12,10,14,14,0,12,8,6,34,3,1,7,0,1,5,0,13,19,32,8,1,0,2,0,9,19,50,8,17,15,2,6,17,0,5,10,0,5,10,0,9,1,2,0,7,7,13,11,1,8,0,41,16,0,1,4,19,1,18,0,7,0,3,12,9,3
0,14,0,2,1,19,47,15,4,2,54,14,0,13,9,67,0,4,1,17,0,0,10,8,12,6,12,0,25,0,14,11,24,5,1,11,3,0,0,4,0,0,16,0,0,5,0,4,10,16,7,4,4,4,4,1,2,8,11,4,0,16,28,14,37,9,6,13,4,10,30,4,11,2,0,6,9,3,5,21,27,2,2,0,8,0,7,15,54,5,12,4,0,2,6,7,3,5,0,6,4,0,5,11,1,0,4,10,18,14,11,0,0,53,6,0,3,7,16,0,40,0,1,0,3,10,12,1
0,21,0,6,1,8,44,16,12,1,40,2,0,16,13,56,1,7,2,29,0,4,11,5,14,7,10,11,8,0,25,2,11,0,2,4,7,1,0,36,0,0,13,0,0,14,0,7,1,13,8,16,6,13,1,2,7,8,15,12,1,15,13,5,38,7,3,20,1,8,19,6,10,4,0,1,13,0,19,5,23,6,3,0,3,0,9,16,56,3,12,2,4,3,10,7,4,6,4,5,18,0,6,14,10,0,8,0,12,9,6,3,0,28,2,0,2,11,7,0,14,0,4,5,1,12,17,14
0,15,0,7,2,15,52,5,0,1,41,13,0,10,6,38,0,0,0,44,0,4,23,5,14,0,3,4,23,0,18,1,23,0,0,14,6,0,0,11,0,0,10,0,0,27,0,0,2,15,3,12,2,15,11,2,5,8,6,8,2,15,21,16,22,6,2,8,6,3,33,0,25,0,3,2,16,0,1,2,31,0,3,0,3,2,2,7,46,3,16,0,0,0,1,17,6,4,0,1,24,0,7,7,3,0,4,0,18,8,8,2,0,71,9,0,1,8,6,1,64,0,0,19,1,10,0,16
0,16,0,4,1,9,51,6,4,1,39,11,0,11,3,3,0,1,4,24,0,2,13,14,14,10,3,5,13,0,19,4,11,0,6,17,1,0,0,4,1,0,14,0,3,2,7,6,13,16,11,23,0,3,5,3,0,23,10,3,0,10,7,7,21,5,1,7,8,2,24,6,2,8,2,2,17,3,7,19,56,2,5,0,7,0,4,13,28,5,7,51,1,20,9,0,2,5,0,5,9,0,10,12,2,0,18,3,33,7,4,6,0,48,15,0,7,8,25,5,16,0,0,3,1,6,1,12
0,39,0,8,1,1,52,16,0,1,31,11,0,5,7,13,0,2,3,76,0,12,18,27,13,1,6,24,22,0,16,3,37,0,1,17,8,2,0,7,2,0,3,0,4,16,0,1,3,12,5,15,2,7,42,3,6,12,7,6,1,10,14,11,6,8,0,10,1,2,20,1,20,6,0,0,13,5,0,2,18,7,1,0,2,0,1,6,35,6,17,5,2,6,2,10,2,1,0,3,12,0,12,20,7,0,5,0,28,2,5,2,0,35,12,0,0,12,16,4,18,0,1,3,5,6,0,11
0,33,0,3,1,5,44,10,6,1,34,9,0,4,1,11,0,0,4,67,0,7,6,13,11,1,11,12,16,0,30,1,13,0,2,11,1,0,0,16,0,0,9,0,0,21,0,1,2,16,8,13,3,0,17,3,4,7,6,12,1,12,8,9,22,6,2,7,8,3,20,4,13,3,4,0,5,2,4,7,35,3,3,0,2,0,5,12,113,3,14,1,10,11,4,15,2,8,1,1,14,0,4,20,1,0,11,0,26,6,3,15,0,33,5,0,2,1,3,5,6,0,13,1,2,6,20,2
0,32,0,7,1,6,26,10,1,1,35,9,0,12,1,23,0,1,2,62,0,1,6,13,10,3,13,3,16,0,32,2,18,0,11,13,3,0,0,11,2,0,9,0,0,13,1,1,6,15,8,9,7,1,13,2,3,8,10,18,0,11,24,9,17,13,1,6,8,4,42,3,5,4,0,0,4,0,12,10,33,3,2,0,2,7,6,10,65,0,14,6,13,10,6,2,0,19,0,2,30,0,5,21,1,0,3,1,24,6,8,14,0,28,9,0,3,1,5,5,12,0,3,0,1,2,16,7
0,60,0,12,1,9,32,11,0,1,21,16,0,2,11,2,0,0,2,51,0,11,9,27,12,40,7,29,30,0,16,0,26,0,0,25,1,0,0,1,0,0,3,0,0,3,0,1,20,11,3,7,1,20,46,0,42,22,1,12,0,1,5,12,13,38,1,1,0,0,12,0,4,4,0,3,6,3,1,0,31,1,2,0,5,0,1,4,30,1,18,2,2,17,0,3,0,1,0,13,10,0,2,51,2,0,10,0,41,2,1,0,0,37,6,0,0,12,3,0,1,0,0,0,0,10,0,0
0,27,0,7,1,4,78,16,0,1,28,9,0,10,6,21,0,3,3,65,0,3,11,34,13,0,8,13,18,0,11,3,30,0,1,3,1,0,0,7,0,0,6,0,0,6,0,0,4,11,5,14,2,0,27,1,6,9,5,2,4,10,27,7,10,19,4,3,8,7,12,1,32,3,1,0,12,10,0,8,20,8,1,0,5,1,0,11,49,3,14,6,6,7,2,10,1,7,0,1,9,0,21,20,10,0,6,1,22,13,3,8,0,33,10,0,2,14,0,3,12,0,0,14,0,5,1,2
0,32,0,7,1,3,53,12,2,1,34,9,0,5,1,15,0,9,3,46,0,8,9,19,7,0,8,4,22,0,19,2,25,0,1,15,3,0,0,4,0,0,6,0,0,2,0,0,2,13,12,12,4,0,19,3,1,12,6,3,2,9,16,9,11,7,12,9,2,1,24,1,18,6,4,2,13,3,8,9,40,14,3,0,8,0,1,6,74,2,20,5,7,6,5,6,6,6,0,2,3,0,7,23,9,0,6,0,56,5,7,8,0,34,11,0,2,8,12,1,10,0,5,0,2,3,0,1
0,20,0,3,1,6,46,6,0,1,36,7,0,10,9,33,0,2,2,22,0,8,2,8,10,0,7,6,9,0,16,0,34,0,1,22,7,0,0,2,0,0,8,0,0,30,0,0,1,12,9,12,2,15,18,0,11,6,6,5,0,7,39,15,15,12,4,5,3,0,23,1,35,2,1,3,9,2,4,10,15,1,2,0,12,9,0,6,41,2,15,6,1,0,9,28,4,6,0,2,5,0,12,24,6,0,5,0,34,4,8,1,0,50,8,0,1,7,13,4,27,0,0,5,6,8,0,8
0,14,0,13,1,5,38,18,5,1,32,11,0,10,1,11,0,10,1,55,0,20,21,27,9,9,7,1,47,0,21,4,19,2,0,3,6,0,0,9,0,0,14,0,0,0,1,4,7,11,9,11,3,0,18,3,1,9,9,10,2,10,17,8,17,11,3,8,7,5,22,0,4,8,0,2,8,0,0,8,27,16,4,0,3,0,6,10,60,4,13,21,3,7,4,1,5,4,0,4,7,0,10,9,0,0,10,5,23,5,7,1,0,36,16,0,1,11,2,1,13,0,1,0,5,7,7,6
0,31,0,4,1,3,62,17,1,1,27,12,0,8,4,8,0,8,2,79,0,6,9,28,9,0,7,12,23,0,13,1,46,0,2,10,1,2,0,3,0,0,3,0,0,14,0,0,2,14,12,7,0,4,27,0,5,12,7,5,0,9,14,12,9,10,1,4,1,6,30,0,35,2,3,2,8,9,0,2,21,2,3,0,6,0,2,8,62,0,14,1,0,7,4,12,0,3,0,2,5,0,10,19,2,0,5,0,40,5,4,2,0,45,8,0,0,3,10,3,6,0,2,0,1,11,0,3
0,23,0,3,1,7,48,12,1,1,33,7,0,8,3,17,0,3,3,64,0,10,10,32,10,14,6,22,23,0,19,2,33,0,0,2,4,0,0,1,2,0,9,0,0,0,0,6,11,16,10,11,2,9,38,1,12,15,10,12,2,9,12,14,17,17,2,7,5,1,18,1,1,4,1,2,4,0,17,12,21,1,2,0,8,0,3,12,35,5,12,5,2,12,3,0,3,4,0,2,6,0,7,24,1,0,3,0,24,3,6,3,0,28,12,0,1,5,16,1,13,0,0,0,0,8,0,1
0,14,0,4,1,5,37,5,0,1,64,6,2,17,2,19,0,2,4,22,0,3,8,7,13,0,10,10,17,0,7,0,15,1,2,27,7,0,0,5,0,0,20,0,0,14,2,2,0,15,16,8,2,1,2,1,0,9,14,4,0,13,18,8,16,3,1,15,4,8,13,7,7,7,0,1,12,4,9,17,26,1,2,0,4,3,3,17,36,2,8,22,2,2,11,4,2,6,0,2,7,0,8,4,3,0,9,0,11,14,6,13,0,38,15,0,0,1,63,5,15,0,7,5,8,8,0,13
0,10,0,6,1,8,38,14,1,1,46,6,0,13,7,52,0,0,3,35,3,3,6,3,12,16,8,0,12,0,24,5,14,0,2,4,6,0,0,13,0,0,14,0,0,2,0,6,11,16,11,8,5,3,8,4,4,6,12,13,0,12,10,8,21,13,0,14,12,0,24,2,3,3,0,0,10,0,6,21,19,6,1,0,1,0,9,17,52,12,12,9,5,6,3,0,4,8,1,9,7,0,11,11,5,0,7,10,9,5,6,4,0,20,15,0,6,1,7,1,10,0,0,0,3,4,16,14
0,38,0,8,1,8,22,16,1,1,28,11,0,4,4,16,0,0,7,53,0,3,7,22,11,29,12,10,35,0,24,5,29,4,0,19,5,0,0,0,5,0,4,0,0,0,0,2,22,12,7,11,0,2,43,6,2,15,3,9,0,5,4,9,9,14,0,7,4,1,16,1,4,12,1,10,3,1,1,3,19,14,2,0,1,0,3,9,21,3,15,9,6,11,5,3,1,4,0,16,10,0,8,24,0,0,7,10,20,3,0,1,0,32,11,0,0,7,16,0,10,0,1,0,0,4,0,5
0,26,0,6,1,1,59,15,0,1,33,8,0,8,1,14,0,6,2,49,1,5,2,15,9,0,15,2,27,0,15,3,45,0,0,7,2,0,0,2,0,0,6,0,0,7,0,0,6,11,9,3,4,5,33,3,4,4,7,5,1,7,29,6,12,8,1,5,3,4,14,0,45,2,1,0,12,5,2,11,18,5,1,0,5,9,2,6,34,3,20,3,11,5,5,17,1,4,0,2,13,0,6,29,4,0,3,1,43,4,2,2,1,28,8,0,1,11,11,0,8,0,0,0,1,6,0,4
0,19,0,2,1,4,58,10,4,1,34,4,0,4,2,13,0,2,2,70,0,9,9,19,11,0,9,13,23,0,15,0,25,0,0,9,4,0,0,5,0,0,6,0,0,15,0,0,4,10,6,12,1,3,13,3,2,7,4,4,4,9,22,8,14,8,3,10,8,1,17,1,23,4,0,2,10,1,11,8,25,1,1,0,2,6,5,13,54,4,11,7,6,7,1,10,3,6,0,2,10,0,6,18,5,0,9,0,27,5,5,6,0,22,14,0,0,6,8,0,12,0,4,7,1,2,7,11
0,16,0,1,2,4,35,6,1,1,40,11,0,15,4,36,0,8,2,21,0,7,13,13,14,2,4,10,7,0,6,1,20,0,3,10,1,1,0,14,1,0,9,0,2,6,0,6,5,12,11,21,1,7,11,1,2,18,13,1,1,6,16,5,10,2,4,4,10,1,7,2,21,2,0,2,23,7,0,14,35,1,1,0,0,1,7,7,56,0,13,11,2,7,6,6,3,7,0,1,17,0,28,9,0,0,17,0,44,4,8,7,0,24,9,0,0,2,9,2,7,0,0,11,6,1,10,4
0,10,0,4,1,8,43,5,12,1,32,10,2,12,4,18,0,3,6,39,0,3,14,11,10,6,10,0,8,0,18,4,17,0,0,1,1,5,0,21,7,0,9,0,0,3,0,3,3,14,6,5,6,5,9,3,1,10,10,4,5,11,28,13,22,20,0,8,7,5,20,5,4,7,1,3,11,0,4,6,24,2,1,0,2,3,7,10,32,10,14,1,7,4,9,4,1,6,3,6,21,0,13,3,2,0,4,2,19,12,6,9,0,31,14,0,1,16,2,0,18,0,6,0,0,6,8,12
0,10,0,2,1,1,56,4,1,1,63,0,0,17,1,32,0,3,1,15,0,0,6,9,11,0,19,19,10,0,10,0,19,0,0,28,3,0,0,6,0,0,7,0,4,9,0,1,1,12,2,7,2,1,8,0,0,4,16,3,6,15,21,8,24,12,1,9,2,8,23,2,13,0,0,2,16,3,0,17,23,1,1,0,3,0,7,6,36,0,10,16,4,2,4,6,5,7,0,1,13,0,11,15,6,0,0,0,22,12,7,5,0,28,2,0,5,9,35,5,13,0,2,4,9,3,0,23
0,16,0,8,1,4,39,19,2,1,29,5,0,5,3,11,0,4,4,43,0,12,15,26,10,0,1,3,24,0,17,1,35,0,0,2,2,0,0,11,0,0,4,0,0,8,0,0,3,11,11,16,2,6,26,1,4,12,1,2,0,7,23,10,8,16,3,6,2,2,25,0,34,7,0,1,6,8,4,3,26,3,1,0,3,0,0,11,41,3,16,9,2,6,0,12,5,5,0,2,6,0,11,20,5,0,11,0,26,5,3,4,0,38,7,0,0,22,1,0,6,0,0,1,0,12,0,4
0,33,0,3,1,0,42,10,2,1,21,10,0,4,3,8,0,12,5,38,0,9,7,19,7,1,14,7,13,0,8,2,28,1,1,4,5,1,0,4,0,0,6,0,0,4,16,0,3,9,12,16,3,10,23,7,4,10,9,1,0,10,12,6,12,8,5,7,5,2,14,8,26,6,0,3,8,12,2,5,21,6,2,0,2,0,2,5,20,5,15,18,2,5,3,5,4,3,1,1,8,0,16,26,10,0,7,8,37,2,8,6,0,25,11,0,2,13,10,0,14,0,4,3,3,5,2,4
0,24,0,1,2,3,47,11,4,1,25,1,0,6,1,10,0,3,4,34,0,21,3,7,9,0,15,8,16,0,7,0,26,0,19,12,1,3,0,1,0,0,5,0,8,33,1,4,3,7,11,18,3,3,21,1,4,15,11,0,0,6,13,4,11,15,6,2,5,2,6,9,26,3,0,4,6,0,2,10,30,2,1,0,0,0,5,9,42,0,11,2,3,1,3,19,18,3,0,1,3,0,29,27,3,0,17,0,29,8,5,4,0,18,8,0,1,9,23,0,1,0,1,5,1,3,1,3
0,36,0,1,1,2,40,4,0,1,13,18,0,2,4,13,0,4,2,16,0,9,3,16,5,0,7,11,11,0,8,0,68,0,1,12,3,1,0,1,0,0,1,0,0,3,0,0,10,9,5,10,2,10,38,1,31,15,2,4,9,3,29,6,7,20,3,1,2,0,9,0,61,1,0,0,7,9,0,0,34,3,1,0,5,0,0,1,30,1,30,0,7,15,2,37,1,4,0,1,12,0,8,57,3,0,7,0,17,3,0,0,0,19,5,0,1,5,1,2,2,1,0,2,2,4,0,0
0,29,0,2,1,2,47,12,4,1,34,9,0,8,4,26,0,6,2,42,0,10,6,17,10,3,6,2,14,0,7,1,29,0,0,18,1,0,0,1,0,0,9,0,5,4,2,2,1,12,6,11,2,2,10,3,8,9,10,2,2,9,14,6,9,11,2,6,7,6,20,1,24,2,1,2,6,11,1,15,28,5,1,0,0,0,6,7,30,2,12,12,2,8,10,5,6,3,0,1,6,0,8,21,6,0,6,0,32,8,7,13,0,26,6,0,4,6,22,0,4,0,9,2,3,5,1,4
0,19,0,4,1,0,46,6,1,1,37,0,0,14,2,27,0,8,2,48,0,1,15,14,10,0,6,6,10,0,17,2,19,1,5,13,1,0,0,7,0,0,8,0,0,22,0,0,3,10,9,14,4,6,4,2,1,7,6,1,2,9,17,6,10,8,7,5,1,1,20,1,21,2,0,0,26,4,1,1,15,2,2,0,1,0,8,10,45,4,10,0,2,4,4,15,0,8,0,1,4,0,16,10,4,0,6,0,31,13,11,19,0,33,14,0,0,7,35,0,11,0,0,1,2,5,1,8
0,27,0,2,2,4,53,9,0,1,21,5,0,5,3,12,0,6,1,42,0,20,9,16,6,0,7,7,19,0,3,5,34,0,0,10,2,0,0,1,0,0,5,0,0,23,0,3,3,6,7,11,3,6,22,1,5,22,7,2,2,4,21,4,6,17,8,1,5,0,5,2,36,6,0,1,6,3,10,6,21,3,2,0,10,1,3,6,50,0,21,1,2,4,5,21,1,3,0,1,4,0,22,28,1,0,18,0,30,11,4,3,0,29,12,0,0,7,10,0,5,0,0,0,1,3,0,0
0,22,0,1,1,12,47,4,0,1,16,9,0,0,8,6,0,4,4,50,0,16,21,18,10,24,3,6,14,0,29,0,19,0,3,7,3,1,0,1,0,0,4,0,0,2,2,0,7,12,0,19,2,15,32,0,17,18,1,14,8,3,6,10,15,28,1,2,4,0,12,2,1,6,1,2,1,0,1,2,40,4,1,0,5,0,0,7,28,3,15,9,3,18,0,1,3,6,0,11,16,0,6,28,0,0,13,0,52,2,2,0,0,25,10,0,1,5,0,1,0,0,0,1,7,3,0,0
0,21,0,5,1,4,56,14,1,1,35,4,0,13,5,14,0,4,2,50,0,0,9,15,12,0,11,9,22,0,7,0,25,0,1,13,1,0,0,7,0,0,7,0,7,4,0,0,2,11,3,9,4,1,12,2,0,11,6,3,1,6,12,9,12,11,9,9,9,2,14,1,18,11,0,1,16,1,4,11,21,9,1,0,3,0,2,8,51,4,11,17,5,5,2,2,0,5,0,1,1,0,11,12,1,0,7,0,29,2,4,8,0,36,23,0,7,7,13,1,10,0,0,4,1,4,1,6
0,24,0,2,1,4,43,12,0,1,33,5,0,3,13,23,0,4,2,61,0,10,20,31,12,7,7,14,10,0,22,2,26,0,1,5,7,7,0,1,1,0,4,0,1,5,0,0,7,12,8,11,2,5,32,1,2,5,5,9,0,8,14,12,8,13,0,14,3,3,25,2,4,8,0,0,4,0,1,1,14,0,1,0,8,1,2,7,16,6,17,5,4,5,0,3,6,5,0,7,4,0,4,10,5,0,9,5,22,3,1,6,0,28,15,0,0,16,11,0,23,0,0,0,0,7,0,9
0,24,0,4,1,3,33,14,2,1,38,1,0,17,1,23,0,7,4,49,0,4,4,8,8,1,8,11,16,0,9,0,28,0,2,7,11,0,0,9,0,0,6,0,0,3,1,5,9,9,6,7,1,1,16,0,7,7,12,2,1,8,9,9,18,5,3,8,7,0,26,6,25,4,0,0,13,5,9,6,22,4,1,0,1,0,3,9,37,3,10,2,2,5,2,12,2,5,0,2,3,0,5,26,6,0,7,0,33,8,7,13,0,34,13,0,5,4,8,0,14,0,1,2,1,4,9,1
0,23,0,6,1,10,45,14,0,1,18,19,0,3,15,8,0,5,5,39,2,4,7,22,11,17,5,7,12,0,15,1,25,0,0,1,1,0,0,1,0,0,2,0,0,14,0,0,12,15,1,11,4,9,38,4,18,7,1,15,3,6,9,7,21,21,3,1,5,0,24,1,14,4,0,0,3,1,0,3,20,2,4,0,5,3,1,6,28,9,16,1,0,11,0,12,2,9,0,6,9,0,6,17,3,0,4,3,40,3,3,0,0,24,11,0,5,9,0,0,20,0,1,2,0,4,0,1
0,16,0,6,1,4,34,12,3,1,34,9,0,7,3,24,0,3,4,49,1,3,10,12,9,18,9,5,13,0,37,1,26,5,0,6,1,0,0,2,0,0,5,0,0,0,0,3,14,15,14,10,5,2,13,0,5,5,4,14,2,9,15,7,26,14,0,3,3,2,35,0,2,4,3,0,9,3,13,15,19,1,1,0,1,5,2,14,44,1,16,0,5,6,4,1,3,7,0,8,2,0,9,28,0,0,4,5,19,4,5,5,0,17,16,0,1,3,6,1,8,0,0,0,1,5,0,1
0,31,0,1,1,1,34,4,0,1,8,16,0,2,2,3,0,10,2,40,0,5,3,14,7,0,5,11,19,0,8,4,64,0,2,2,3,3,0,0,0,0,1,0,0,6,0,0,0,7,3,6,0,6,54,0,22,12,3,3,3,4,20,6,5,17,2,0,1,0,9,1,53,2,1,1,2,14,0,0,25,0,1,0,8,0,0,5,34,2,15,0,6,8,2,25,9,1,0,1,7,0,5,54,3,0,7,0,71,3,2,0,0,15,5,0,0,12,0,0,1,1,0,0,4,2,0,0
0,17,0,2,2,5,48,15,8,3,26,5,0,8,1,21,0,3,3,57,1,5,4,10,10,1,7,2,7,0,3,2,20,0,0,2,1,0,0,2,0,0,7,0,0,5,3,6,2,10,7,7,4,3,6,1,0,17,12,2,1,8,13,3,18,9,4,8,4,7,22,5,15,4,0,2,11,5,3,6,18,2,2,0,3,1,5,12,41,3,11,14,4,3,9,5,5,3,0,2,0,0,10,13,2,0,14,4,53,4,6,9,0,37,17,0,4,9,15,0,12,0,1,0,0,7,2,1
1,27,0,2,1,4,46,5,0,1,21,18,0,4,1,0,1,0,4,38,0,7,11,17,11,2,5,31,13,0,9,2,22,0,4,21,1,0,0,7,0,0,0,0,7,35,0,0,9,12,1,27,0,12,31,0,7,15,4,6,3,4,5,6,4,2,5,2,4,0,0,1,30,7,4,0,1,4,0,1,30,2,1,0,4,0,1,4,44,0,15,1,1,11,5,22,2,6,0,2,20,0,11,13,1,0,10,1,33,2,0,1,0,15,3,0,2,3,8,4,1,0,0,5,2,7,2,7
0,21,0,5,1,6,30,16,0,1,29,17,0,8,1,28,0,2,2,9,2,1,7,4,10,9,17,0,11,0,24,14,35,7,1,1,4,0,0,9,0,0,7,0,0,1,0,1,7,10,2,7,14,1,23,3,3,5,4,4,6,6,33,6,19,10,1,11,4,0,45,5,1,2,0,2,6,2,1,2,30,14,1,0,2,0,0,9,37,2,16,0,11,3,1,1,5,4,0,6,14,0,7,42,2,0,7,11,9,5,11,0,0,21,0,0,1,10,0,0,9,0,0,0,0,8,2,1
0,7,0,3,2,4,45,18,4,1,32,0,0,14,2,14,0,4,4,10,0,9,12,3,7,2,8,8,12,0,12,1,17,0,31,11,1,0,0,8,0,0,9,0,15,8,0,1,3,9,12,31,2,2,6,8,0,14,12,3,1,7,20,3,11,19,2,6,5,0,9,1,18,10,0,2,16,2,1,8,21,12,1,0,0,1,1,1,28,4,10,0,3,1,2,11,10,6,0,1,5,0,18,10,6,0,15,0,19,9,8,3,0,26,23,0,2,9,15,2,5,0,2,3,1,3,0,9
0,22,0,2,1,8,51,7,0,1,25,9,0,6,3,12,0,2,3,34,0,5,4,9,9,0,7,10,11,0,7,2,46,0,2,4,2,0,0,13,0,0,2,0,0,3,0,0,10,11,10,6,5,9,23,2,8,6,4,6,4,5,19,9,12,8,2,11,2,0,17,0,35,2,0,0,9,6,3,5,21,0,1,0,3,0,1,7,27,1,22,3,7,5,0,22,2,8,0,5,19,0,5,33,3,0,5,0,12,9,4,1,0,32,10,0,0,5,8,0,14,0,0,2,0,3,2,7
0,12,0,3,2,9,32,12,9,2,29,2,0,13,0,32,0,1,6,41,0,5,0,4,13,8,9,5,7,0,15,1,9,0,0,3,1,0,0,12,0,0,14,0,0,0,9,8,7,13,16,8,3,1,6,6,5,16,8,8,0,12,7,5,32,4,1,7,16,6,9,11,1,5,2,1,4,0,8,8,29,4,2,0,1,0,10,14,34,7,4,19,4,2,7,0,0,4,0,1,2,0,9,15,0,0,12,0,15,8,5,4,0,26,11,0,7,2,3,1,7,0,1,1,0,7,24,6
0,22,0,1,1,2,48,2,0,1,10,24,0,2,3,9,0,10,1,9,0,0,5,16,6,2,3,10,11,0,7,1,49,0,2,2,3,3,0,0,0,0,1,0,0,21,2,0,0,7,0,12,1,20,44,0,25,9,2,5,6,4,7,4,9,8,5,1,4,0,16,2,56,3,1,1,3,13,1,3,30,2,1,0,3,0,1,1,24,0,9,4,2,11,0,31,7,0,0,1,5,0,12,50,0,0,7,1,48,6,3,0,0,21,2,0,0,10,1,0,3,0,0,1,3,3,0,0
0,21,0,5,1,1,49,8,5,1,23,9,0,3,2,15,0,3,2,54,0,2,21,15,10,9,3,10,16,0,11,3,20,0,3,7,7,4,0,14,0,0,3,0,0,7,0,1,5,10,2,10,2,10,38,0,0,8,3,3,1,8,12,9,12,8,1,10,2,0,27,0,13,8,0,1,7,0,0,0,15,0,2,0,2,0,0,10,46,3,12,0,2,8,0,10,0,4,0,3,9,0,6,0,14,0,5,2,29,4,4,0,0,34,10,0,0,11,7,1,21,0,0,0,0,4,0,8
0,24,0,4,1,1,59,3,0,1,21,10,0,3,4,21,0,1,2,25,0,1,4,15,9,0,6,14,13,0,12,1,29,0,3,6,1,0,0,8,0,0,2,0,0,19,0,0,6,10,3,10,2,17,23,0,8,6,1,3,3,8,14,5,9,2,3,5,6,0,24,0,36,0,2,1,6,2,0,2,15,2,3,0,2,0,2,13,28,2,23,1,0,5,1,26,3,4,0,3,15,0,6,19,8,0,8,1,34,6,13,0,0,29,4,0,2,2,2,0,21,0,0,13,1,4,0,3
0,23,0,4,1,7,33,11,8,1,21,3,0,2,2,22,0,0,0,56,0,3,4,7,15,5,9,11,5,0,18,5,19,0,1,11,3,0,0,3,0,0,6,0,0,2,1,0,2,17,2,1,2,6,10,0,4,8,6,7,1,12,19,11,16,10,0,7,6,9,32,8,5,2,0,0,3,2,2,1,17,3,2,0,3,0,2,12,51,4,9,32,5,6,1,5,3,9,0,4,3,0,2,15,6,0,3,0,12,6,1,12,0,33,5,0,1,8,4,4,10,0,9,1,1,5,5,1
0,12,0,1,2,6,34,9,2,1,25,1,0,12,2,23,0,0,4,23,0,5,0,6,11,10,7,8,8,0,15,0,18,0,0,4,1,0,0,5,0,0,11,0,0,13,0,4,3,10,15,10,1,4,10,4,8,14,9,6,0,10,4,6,26,6,1,8,15,2,13,2,6,8,0,1,9,1,10,10,38,7,1,0,1,12,5,7,38,4,7,18,2,4,3,7,0,4,0,1,5,0,11,22,0,0,13,0,21,4,3,6,0,30,12,0,9,1,1,1,12,0,4,1,0,4,4,10
0,23,0,1,1,4,56,6,0,1,26,6,0,11,0,34,0,5,2,34,0,3,5,14,11,0,7,3,10,0,5,0,17,0,0,12,3,0,0,3,0,0,6,0,0,8,0,0,4,8,6,12,1,4,4,1,1,17,8,2,0,6,20,5,10,5,7,6,8,4,17,1,16,4,2,1,7,3,4,3,34,6,1,0,6,0,6,4,62,2,5,0,8,3,1,4,2,1,0,1,2,0,12,9,6,0,19,0,43,2,5,2,0,37,9,0,0,10,6,0,7,0,1,6,0,3,4,5
0,26,0,2,1,3,50,10,5,1,22,13,0,6,1,10,0,3,1,6,0,3,6,12,9,4,9,44,13,0,14,11,54,0,7,24,1,0,0,1,0,0,3,0,17,9,0,1,0,9,2,16,0,3,19,0,7,9,3,3,1,3,9,9,8,5,4,1,2,0,6,0,41,4,2,0,5,2,0,3,30,0,1,0,0,0,1,2,39,1,14,1,3,7,3,20,0,2,0,1,0,0,7,33,1,0,2,0,13,4,1,0,0,24,1,0,2,1,21,7,1,0,0,8,3,4,0,4
0,18,0,2,1,7,43,12,0,1,43,7,0,10,5,23,0,3,1,22,1,4,5,8,11,20,4,8,2,0,14,0,15,0,12,3,4,0,0,4,0,0,5,0,0,11,4,2,11,13,2,5,4,4,24,0,17,5,16,8,2,10,15,7,15,8,0,13,12,2,33,8,2,2,0,3,5,1,1,11,26,0,2,0,2,1,10,15,16,3,16,3,0,9,3,3,1,2,0,5,9,0,0,13,1,0,4,2,18,4,1,4,0,18,4,0,0,1,13,0,15,0,0,6,1,5,0,10
0,8,0,5,1,4,44,12,7,1,38,6,0,10,4,8,0,4,3,17,8,2,1,12,10,17,3,3,5,0,19,0,24,1,8,4,1,1,0,9,0,0,8,0,0,6,0,6,12,12,8,3,7,3,5,1,11,10,15,13,0,13,13,9,17,4,3,7,7,5,25,13,2,3,1,3,9,1,3,18,16,0,2,0,2,1,4,17,16,6,11,16,1,3,11,3,2,5,0,6,6,0,7,15,1,0,3,5,18,7,0,3,0,20,7,0,6,2,8,2,5,0,0,2,0,6,8,3
0,19,0,7,1,1,56,11,0,1,28,2,0,8,1,17,0,4,5,51,1,3,15,13,6,0,9,0,14,0,12,0,20,0,0,8,2,0,0,5,1,0,6,0,0,11,0,0,2,9,8,23,4,6,3,5,0,7,6,4,1,9,28,7,4,2,5,9,1,0,9,0,14,4,0,1,13,3,1,3,18,4,1,0,6,0,0,5,36,1,9,1,5,3,2,11,1,3,0,1,8,0,8,10,2,0,9,0,17,12,6,5,0,36,16,0,0,7,36,0,10,0,0,0,2,8,0,4
0,13,0,2,1,8,34,16,2,1,25,28,0,8,4,7,0,3,6,22,0,2,6,13,10,11,3,0,25,0,16,1,16,0,0,3,2,0,0,5,0,0,5,0,0,21,0,0,5,7,4,22,1,11,15,1,5,8,6,4,0,7,9,6,20,2,5,6,6,2,3,4,19,5,0,2,12,2,0,2,30,12,3,0,1,0,2,6,48,3,13,4,0,4,3,13,3,11,0,6,27,0,4,6,0,0,6,0,16,2,7,2,0,31,3,0,1,3,0,0,16,0,0,1,10,6,1,0
0,12,0,5,1,8,27,17,1,1,33,7,2,8,2,16,1,2,3,40,0,2,4,9,11,4,6,0,14,0,16,11,19,13,0,3,2,0,0,10,0,0,5,0,0,3,0,3,5,12,6,5,5,2,10,0,1,9,5,5,0,13,16,8,20,10,2,15,9,5,25,4,5,7,0,0,0,1,8,6,19,2,2,0,1,4,6,15,29,3,11,2,5,3,1,4,1,9,0,5,9,0,3,9,0,0,8,26,4,9,3,0,0,26,13,0,0,3,6,2,16,0,0,0,2,8,1,6
0,20,0,15,1,0,54,0,0,1,8,19,0,2,3,3,0,0,0,46,0,11,20,29,7,0,3,1,8,0,5,1,51,0,4,2,1,0,0,1,3,0,0,0,0,6,0,0,14,4,2,20,0,23,57,0,5,20,2,2,5,3,31,10,3,7,1,0,0,1,28,0,18,1,0,2,10,5,0,0,25,0,1,0,10,0,0,2,25,0,13,6,1,16,0,18,0,1,0,2,17,0,9,1,9,0,3,0,9,1,2,0,0,20,4,0,0,5,0,0,5,0,0,0,1,1,0,2
0,21,0,3,1,5,42,5,1,1,25,4,0,2,0,14,0,3,3,46,0,7,6,8,10,12,12,10,2,0,28,4,15,0,1,4,3,0,0,2,0,0,5,0,0,4,2,1,8,18,7,4,4,5,13,0,12,6,7,19,0,11,11,6,14,5,1,2,5,9,7,4,9,5,0,0,2,0,3,2,20,9,2,0,4,0,3,11,27,0,12,18,3,10,1,9,5,4,0,8,8,0,4,30,3,0,6,1,27,0,4,8,0,18,7,0,6,2,0,0,5,0,0,0,1,4,14,3
0,22,0,3,1,4,53,9,0,1,21,13,0,3,8,8,0,2,1,30,0,14,5,19,7,0,10,5,19,0,8,1,20,0,0,14,16,1,0,0,0,0,2,0,0,14,0,0,1,9,4,13,4,6,13,1,3,7,4,4,0,5,13,5,6,1,1,7,4,0,10,0,19,3,2,1,6,5,2,6,25,7,1,0,4,0,0,7,34,0,18,4,4,2,7,9,16,4,0,4,17,0,7,18,1,0,9,0,27,3,14,1,0,27,4,0,0,1,15,1,8,0,0,4,0,3,0,3
0,17,0,4,1,2,59,4,0,1,15,17,0,9,1,1,0,6,2,25,0,5,13,17,6,0,1,3,16,0,9,1,24,0,2,13,2,0,0,0,0,0,1,0,0,30,0,0,4,6,0,18,1,28,26,0,8,13,4,1,3,3,7,7,6,4,5,2,2,0,18,2,28,6,0,0,2,11,0,1,29,8,1,0,6,0,0,3,23,3,16,0,1,11,4,23,6,2,0,7,16,0,11,0,0,0,13,0,40,0,3,0,0,17,1,0,1,0,7,0,2,0,0,5,2,3,0,5
0,18,0,1,2,5,40,5,2,1,18,9,0,6,1,7,0,2,4,16,0,5,0,3,7,14,16,0,3,0,12,10,19,0,1,4,2,0,0,7,0,0,5,0,0,6,0,0,5,8,4,13,0,2,25,2,5,15,5,3,0,6,21,3,22,1,0,5,9,2,12,2,1,6,0,2,8,0,7,8,30,9,1,0,9,0,3,6,66,3,10,0,23,2,6,4,2,5,0,2,23,0,7,13,0,0,12,0,31,3,8,2,0,24,3,0,1,13,2,1,7,0,2,2,0,1,0,3
0,16,0,5,1,4,45,10,5,1,33,8,0,5,2,20,0,1,4,50,2,7,4,12,7,1,2,3,6,0,7,2,19,0,1,8,5,0,0,3,0,0,7,0,0,5,0,0,0,8,6,2,3,0,5,0,2,9,7,4,0,6,13,5,8,5,1,5,7,1,21,2,16,4,0,1,18,6,3,18,21,4,3,0,7,0,3,11,38,4,14,12,2,3,0,5,2,4,0,1,1,0,5,11,1,0,6,1,6,6,9,5,0,37,8,0,3,13,16,0,10,0,0,0,3,4,0,8
0,18,0,4,1,2,49,10,0,1,15,11,0,5,6,17,0,2,0,28,0,2,4,22,7,0,3,0,6,0,8,0,40,0,1,3,3,0,0,1,0,0,1,0,0,4,0,0,4,10,8,6,0,10,27,0,9,8,2,5,6,5,19,9,9,16,2,2,2,0,18,0,40,0,0,0,14,10,0,5,12,1,2,0,12,0,0,3,17,1,14,2,2,5,2,15,3,3,0,1,6,0,11,28,2,0,4,0,40,4,8,0,0,28,4,0,1,13,1,1,8,0,0,2,3,4,0,1
0,17,0,1,1,7,37,4,2,1,22,8,0,7,1,13,0,3,0,49,0,2,6,12,10,3,4,3,4,0,10,0,22,0,2,6,1,0,0,5,0,0,5,0,0,2,0,1,8,9,9,11,4,2,4,1,1,20,7,4,0,6,13,6,16,15,1,0,2,8,22,0,2,0,0,1,3,9,4,5,25,2,1,0,3,0,5,7,65,0,11,1,4,8,6,0,0,4,0,1,6,0,15,12,1,0,9,0,32,7,4,15,0,30,3,0,2,10,2,0,4,0,1,0,0,1,6,1
0,21,0,2,1,3,45,10,3,1,15,26,0,3,1,2,0,1,4,25,0,8,13,25,8,0,4,0,16,0,6,0,22,0,0,6,2,0,0,1,0,0,3,0,3,16,0,3,0,8,1,24,0,17,36,5,4,13,1,2,1,3,12,6,11,6,1,1,1,3,14,0,19,3,0,10,2,4,0,7,29,9,1,0,0,1,1,3,18,1,11,6,3,10,0,15,6,2,0,2,19,0,10,0,2,0,8,0,27,4,0,0,0,21,8,0,0,0,9,1,2,0,0,1,5,2,0,1
0,14,0,3,1,4,43,11,3,1,32,6,0,5,2,11,0,3,1,39,1,5,6,9,6,0,6,5,10,0,6,1,10,0,4,10,4,0,0,7,0,0,5,0,2,12,0,0,0,10,6,3,4,1,0,2,4,5,5,3,2,6,12,6,10,4,6,11,3,2,19,2,12,2,1,0,13,2,3,9,17,0,2,0,8,0,0,9,49,3,15,3,2,1,8,10,2,3,0,4,6,0,7,7,2,0,8,0,39,10,2,6,0,21,3,0,0,1,22,2,15,0,0,1,1,2,0,5
0,12,0,1,1,3,34,9,4,1,18,20,0,8,1,15,0,8,2,5,0,12,2,12,9,0,2,3,13,0,3,1,33,0,0,4,3,0,0,1,0,0,5,0,0,2,1,0,3,4,9,14,0,8,18,4,8,19,6,2,0,4,11,3,8,11,0,2,4,0,11,4,28,6,0,7,10,4,0,7,30,5,2,0,5,0,1,5,22,0,8,11,2,5,9,4,14,0,0,1,1,0,12,27,2,0,11,0,40,3,6,6,0,28,4,0,5,13,4,0,1,0,0,0,1,1,0,0
0,25,0,1,1,4,31,4,2,1,20,10,0,4,1,6,0,3,1,25,0,5,9,13,8,0,4,2,10,0,9,2,19,0,3,12,7,0,0,7,0,0,9,0,0,22,0,0,1,10,2,20,0,9,12,4,3,13,4,2,0,7,0,7,15,1,8,1,8,1,6,4,24,4,4,0,6,4,0,5,36,0,1,0,1,0,4,5,51,0,11,12,1,8,1,10,0,6,0,1,10,0,10,6,4,0,8,0,26,1,0,3,0,14,3,0,7,1,3,0,4,0,1,5,5,4,5,3
0,10,0,3,1,7,55,5,2,1,25,5,0,4,2,26,0,2,8,9,0,1,10,2,8,1,9,25,8,0,13,1,13,0,0,20,2,0,0,9,0,0,4,0,8,9,0,0,2,5,5,12,2,2,9,8,0,6,4,2,4,8,14,6,9,2,1,13,5,3,12,1,6,8,0,0,9,1,1,3,19,3,1,0,2,0,0,5,18,4,9,2,0,2,0,7,7,1,0,6,9,0,3,14,9,0,10,2,7,5,4,2,0,32,5,0,1,0,11,7,18,0,0,8,5,7,0,20
0,18,0,3,1,8,30,8,0,1,15,2,0,2,2,3,0,6,4,50,0,8,11,16,5,6,1,7,22,0,17,2,20,0,0,2,1,0,0,2,0,0,5,0,0,0,0,1,2,6,6,14,0,10,18,1,3,13,2,4,0,2,3,8,15,6,10,4,9,0,3,3,1,4,0,7,2,3,6,1,26,4,1,0,3,0,3,6,32,2,5,9,2,9,0,0,0,2,0,2,9,0,9,13,1,0,6,0,42,0,1,3,0,20,11,0,3,2,10,2,2,0,0,0,1,8,0,2
0,14,0,1,2,5,36,9,1,1,17,10,0,6,1,5,0,3,3,26,0,12,5,7,6,9,10,2,9,0,11,1,10,0,2,14,1,0,0,0,0,0,5,0,0,2,0,4,8,5,4,12,0,1,8,1,7,22,6,7,0,1,9,4,19,10,2,0,7,0,7,3,5,2,4,3,4,2,2,5,28,4,1,0,0,0,2,7,40,0,9,0,8,4,4,0,8,1,0,5,10,0,10,21,0,0,15,0,52,0,6,1,0,24,2,0,4,5,1,2,1,0,0,0,0,1,0,0
0,7,0,1,1,7,22,5,0,1,24,2,0,7,1,10,0,8,2,2,0,1,2,5,6,1,4,13,7,0,4,1,4,0,15,25,1,0,0,3,0,0,11,0,0,11,1,0,2,4,5,6,0,0,1,5,0,19,8,6,0,7,2,3,17,2,6,3,11,1,13,10,7,3,1,1,9,0,2,6,43,1,1,0,6,0,0,9,31,2,2,21,1,18,4,2,1,6,0,2,7,0,7,11,0,0,10,0,33,6,0,2,0,23,5,0,5,1,4,27,5,0,0,2,1,10,2,2
0,25,0,2,1,1,39,6,0,1,11,18,0,0,2,3,0,6,4,53,0,3,11,14,7,2,4,11,9,0,6,2,36,0,3,2,1,2,0,1,0,0,2,0,2,5,0,0,2,10,2,16,1,6,23,1,3,10,1,3,1,3,7,5,3,6,0,2,0,0,3,2,33,6,0,5,6,10,0,0,27,3,1,0,2,0,1,1,47,0,11,0,2,8,0,12,0,2,0,1,1,0,7,23,1,0,8,0,15,1,1,4,0,17,14,0,0,2,3,1,2,0,0,0,1,4,0,0
0,16,0,2,2,3,38,5,0,1,14,12,0,4,1,5,0,5,5,16,0,6,3,9,8,4,3,2,6,0,8,0,20,0,0,16,1,0,0,0,0,0,6,0,0,4,8,0,3,5,6,15,1,6,5,1,5,22,3,2,0,1,5,4,8,3,4,0,10,0,10,4,15,4,4,4,8,5,4,6,28,1,1,0,2,0,0,6,42,0,9,16,1,2,10,4,8,2,0,1,3,0,10,19,1,0,16,0,42,1,5,0,0,28,1,0,4,6,10,0,1,0,0,1,0,1,0,0
0,12,0,1,1,3,41,7,0,1,8,1,0,3,1,3,0,3,3,30,0,12,9,11,5,0,9,0,14,0,7,0,15,0,2,5,1,0,0,2,0,0,2,0,0,6,0,1,5,5,3,9,1,6,11,1,1,20,3,3,0,2,15,3,10,14,3,0,5,0,11,0,15,5,2,2,2,4,2,4,31,3,1,0,3,0,2,4,56,0,7,0,8,8,3,5,12,6,0,1,6,0,5,21,1,0,8,0,52,0,9,0,0,24,1,0,7,11,0,2,1,0,1,0,1,1,1,0
