0,0,2,0,0,0,58,0,0,0,0,0,0,0,0,64,0,6,0,0,0,61,0,0,0,0,0,0,0,0,0,64,0,0,0,0,0,0,0,0,0,0,57,0,0,0,0,0,0,0,0,10,0,62,0,64,0,0,0,0,0,54,0,0
61,0,0,0,0,0,59,0,32,0,0,0,0,0,0,64,0,0,0,0,0,52,0,0,0,0,0,0,0,0,0,64,0,0,0,9,0,0,0,0,0,0,37,0,0,0,0,0,0,0,0,5,0,64,0,64,0,0,0,0,0,1,0,0
0,0,0,0,0,0,60,0,0,0,0,0,0,0,0,64,0,13,0,0,0,50,0,0,0,0,0,0,0,0,0,64,0,0,0,64,0,0,0,0,7,0,5,0,0,0,0,0,0,0,0,57,0,64,0,64,0,0,0,0,0,0,0,0
0,0,0,0,0,0,56,0,32,0,0,0,0,0,0,64,0,0,0,0,0,64,0,0,0,0,0,0,0,0,0,64,0,0,0,25,0,0,0,0,0,0,0,0,0,0,0,0,0,0,0,49,0,64,0,64,0,0,0,0,0,30,0,0
0,0,0,0,0,32,64,0,0,0,0,0,0,0,0,64,0,0,0,0,0,28,0,0,0,0,40,0,0,0,0,64,0,0,0,64,0,0,0,15,0,0,0,0,0,0,0,0,0,0,0,0,0,64,0,64,0,0,0,0,0,13,0,0
64,0,0,0,0,0,64,0,0,0,0,0,0,0,0,64,0,0,0,0,0,64,0,0,0,0,13,0,0,0,0,64,0,0,0,0,0,0,0,0,0,0,0,0,0,0,0,0,0,0,0,0,0,61,0,64,0,0,0,0,54,0,0,0
60,1,3,6,0,2,0,1,2,5,19,1,0,1,2,33,1,34,0,20,0,36,4,4,0,1,1,0,3,1,2,20,15,2,3,26,0,2,0,16,5,2,25,4,0,1,1,1,0,0,5,39,7,20,1,43,0,1,6,1,1,6,1,0
35,0,0,0,0,0,64,0,0,0,0,0,0,0,0,64,0,0,0,0,0,64,1,0,0,0,0,0,0,0,0,64,0,0,0,20,0,0,0,0,0,0,1,0,0,0,0,0,0,0,0,8,0,64,0,64,0,0,0,0,49,14,0,0
0,0,0,0,0,0,64,0,0,0,0,0,0,0,0,64,0,0,0,0,0,64,0,0,0,0,0,0,0,0,0,64,0,0,0,0,0,0,0,0,64,0,0,0,0,0,0,0,0,0,0,0,0,45,0,64,0,0,0,0,58,3,0,0
62,0,8,0,0,0,1,0,0,0,3,1,0,1,0,52,0,43,0,0,0,27,6,6,0,0,0,4,0,0,0,38,0,0,0,34,0,0,0,0,0,0,39,0,0,0,0,0,0,0,2,51,0,34,0,64,0,0,3,0,0,13,0,0
4,0,0,0,0,0,64,0,64,0,0,0,0,0,0,64,0,25,0,0,0,62,0,0,0,0,0,4,0,0,0,64,0,0,0,0,0,0,0,28,0,0,0,3,0,0,0,0,0,0,0,2,0,64,0,64,0,0,0,0,0,0,0,0
0,0,0,0,0,0,64,0,64,0,0,0,0,0,0,64,0,0,0,0,0,64,0,0,0,0,0,0,0,0,0,64,0,0,0,0,0,0,0,0,0,0,0,0,0,0,0,0,0,0,0,0,0,64,0,64,0,0,0,0,0,64,0,0
5,0,0,0,0,0,63,0,8,0,0,0,0,0,0,64,0,2,0,0,0,64,0,0,0,0,0,0,0,0,0,64,0,0,0,23,0,0,0,0,0,0,7,0,0,0,0,0,0,0,0,41,0,64,0,64,0,0,0,0,0,43,0,0
64,0,0,0,0,0,64,0,0,0,0,0,0,0,0,64,0,0,0,0,0,32,32,0,0,0,0,0,0,0,0,64,0,0,0,0,0,0,0,0,0,0,0,0,0,0,0,0,0,0,0,0,0,64,0,64,0,0,0,0,64,0,0,0
0,0,0,0,0,0,64,0,61,0,0,0,0,0,0,64,0,0,0,0,0,64,0,0,0,0,0,0,0,0,0,64,0,0,0,64,0,0,0,0,0,0,0,0,0,0,0,0,0,0,0,0,0,64,0,64,0,0,0,0,0,3,0,0
0,0,0,0,0,0,64,0,29,0,0,0,0,0,0,0,0,0,0,0,0,64,0,0,0,0,0,0,0,0,0,64,0,0,0,0,0,0,0,0,51,0,0,20,0,0,0,0,0,0,0,13,0,64,0,64,0,0,0,0,0,15,0,0
42,0,0,0,0,18,64,0,64,0,0,0,0,0,0,64,0,0,0,0,0,0,0,0,0,0,0,0,0,0,0,61,0,0,0,0,0,0,0,24,0,0,0,46,0,0,0,0,0,0,0,0,0,64,0,64,0,0,0,0,0,0,1,0
0,0,0,0,0,0,64,0,64,0,0,0,0,0,0,64,0,0,0,0,0,21,0,0,0,0,0,0,0,0,0,64,0,0,43,0,0,0,0,64,0,0,0,0,0,0,0,0,0,0,0,0,0,64,0,64,0,0,0,0,0,0,0,0
0,0,0,0,0,0,64,0,32,0,0,0,0,0,0,64,0,0,0,0,0,61,0,0,0,0,0,0,0,0,0,64,0,0,0,37,0,0,0,0,0,0,0,0,0,0,0,0,0,0,0,0,0,64,0,64,0,0,0,0,0,62,0,0
0,0,0,0,0,0,53,0,31,0,0,0,0,0,0,64,0,33,0,0,0,64,0,0,0,0,0,0,0,0,0,64,0,0,0,18,0,0,0,0,46,0,0,0,0,0,0,0,0,0,0,11,0,64,0,64,0,0,0,0,0,0,0,0
14,0,0,0,0,0,41,0,0,0,0,0,0,0,0,58,0,18,0,0,0,53,0,0,0,0,0,0,0,0,0,64,0,0,0,30,0,0,0,0,0,0,43,0,0,0,0,0,0,0,0,26,0,59,0,64,0,0,0,0,0,42,0,0
0,0,0,0,0,12,64,0,54,0,0,0,0,0,0,64,0,0,0,0,0,0,0,0,0,0,0,0,0,0,0,64,0,0,0,3,0,0,0,2,22,0,0,63,0,0,0,0,0,0,0,0,0,64,0,64,0,0,0,0,0,2,0,0
0,0,0,0,0,0,64,0,63,0,0,0,0,0,0,64,0,0,0,0,0,25,0,0,0,0,0,0,0,0,0,58,0,0,0,46,0,0,0,64,0,0,0,0,0,0,0,0,0,0,0,0,0,64,0,64,0,0,0,0,0,0,0,0
35,0,2,2,0,1,15,0,0,5,10,1,1,0,0,50,0,11,0,13,0,51,13,0,0,2,1,0,0,0,2,40,7,5,1,27,0,0,0,0,2,0,32,1,0,0,1,0,0,0,2,50,3,26,0,56,0,0,3,1,2,34,1,0
0,0,0,0,0,22,64,0,13,0,0,0,0,0,0,64,0,0,0,0,0,59,0,0,0,0,1,0,0,0,0,64,0,0,0,0,0,0,0,36,64,0,0,61,0,0,0,0,0,0,0,0,0,0,0,64,0,0,0,0,0,0,0,0
0,0,0,0,0,0,64,0,0,0,0,0,0,0,0,59,0,0,0,0,0,64,0,0,0,0,0,0,0,0,0,64,0,0,0,0,0,0,0,0,64,0,0,0,0,0,0,0,0,0,0,0,0,64,0,64,0,0,0,0,5,64,0,0
11,0,0,0,0,25,64,0,6,0,0,0,0,0,0,64,0,0,0,0,0,64,1,0,0,0,0,0,0,0,0,64,0,0,0,0,0,0,0,0,0,0,0,0,0,0,0,0,0,0,0,4,0,64,0,64,0,0,0,0,54,27,0,0
46,0,0,0,0,0,64,0,0,0,0,0,0,0,0,64,0,0,0,0,0,64,0,0,0,0,0,0,0,0,0,64,0,0,0,28,0,0,0,0,0,0,14,0,0,0,0,0,0,0,0,0,0,64,0,64,0,0,0,0,40,0,0,0
0,0,0,0,0,2,64,0,28,0,0,0,0,0,0,64,0,0,0,0,0,64,0,0,0,0,0,0,0,0,0,64,0,0,0,0,0,0,0,0,0,0,0,0,0,0,0,0,0,0,0,40,0,64,0,64,0,0,0,0,0,58,0,0
12,0,4,0,0,0,63,0,0,0,0,0,0,0,0,64,0,24,0,0,0,59,0,0,0,0,0,0,0,0,0,64,0,0,0,16,0,0,0,0,0,0,8,0,0,0,0,0,0,0,0,46,0,64,0,64,0,0,0,0,0,24,0,0
4,0,0,0,0,0,64,0,28,0,0,0,0,0,0,64,0,0,0,0,0,37,0,0,0,0,15,0,0,0,0,64,0,0,0,3,0,0,0,5,0,0,0,59,0,0,0,0,0,0,0,0,0,64,0,64,0,0,0,0,0,41,0,0
0,0,0,0,0,32,64,0,0,0,0,0,0,0,0,64,0,0,0,0,0,64,9,0,0,0,3,0,0,0,0,0,0,0,0,0,0,0,0,0,46,0,0,1,0,0,0,0,0,0,0,0,0,64,0,64,0,0,0,0,3,34,0,0
56,0,0,0,0,0,64,0,0,0,0,0,0,0,0,64,0,0,0,0,0,64,11,0,0,0,0,0,0,0,0,64,0,0,0,1,0,0,0,0,0,0,0,0,0,0,0,0,0,0,0,21,0,64,0,64,0,0,0,0,10,29,0,0
62,0,3,1,0,1,8,0,5,8,8,0,1,0,0,49,0,38,0,8,0,45,3,0,0,1,1,7,0,11,2,31,0,0,0,36,1,7,0,3,1,8,38,1,0,0,0,0,0,0,5,25,3,20,0,57,1,1,3,1,3,3,1,0
0,0,0,0,0,0,64,0,35,0,0,0,0,0,0,64,0,0,0,0,0,62,0,0,0,0,7,4,0,0,0,64,0,0,0,24,0,0,0,0,7,0,0,0,0,0,0,0,0,0,0,0,0,64,0,64,0,0,0,0,0,53,0,0
0,0,0,0,0,0,64,0,56,0,0,0,0,0,0,64,0,0,0,0,0,64,0,0,0,0,0,0,0,0,0,64,0,0,0,0,0,0,0,8,0,0,0,0,0,0,0,0,0,0,0,0,0,64,0,64,0,0,0,0,0,0,0,0
64,0,0,0,0,0,64,0,0,0,0,0,0,0,0,64,0,0,0,0,0,0,0,0,0,0,0,0,0,0,0,64,0,0,0,64,0,0,0,64,0,0,0,0,0,0,0,0,0,0,0,0,0,64,0,64,0,0,0,0,0,0,0,0
0,0,0,0,0,0,64,0,0,0,0,0,0,0,0,64,0,0,0,0,0,64,1,0,0,0,0,0,0,0,0,64,0,0,0,59,0,0,0,0,0,0,0,0,0,0,0,0,0,0,0,0,0,64,0,64,0,0,0,0,29,39,0,0
64,0,15,0,0,0,64,0,0,0,0,0,0,0,0,64,0,30,0,0,0,49,1,0,0,0,0,0,0,0,0,56,0,0,0,5,0,0,0,0,0,0,8,0,0,0,0,0,0,0,0,0,0,64,0,64,0,0,0,0,0,28,0,0
0,0,0,0,0,0,63,0,64,0,0,0,0,0,0,64,0,0,0,0,0,64,0,0,0,0,0,0,0,0,0,64,0,0,0,47,0,0,0,0,0,0,0,0,0,0,0,0,0,0,0,0,0,29,0,64,0,0,0,0,0,53,0,0
8,0,0,0,0,0,64,0,18,0,0,0,0,0,0,64,0,0,0,0,0,64,0,0,0,0,0,24,0,0,0,64,0,0,0,21,0,0,0,0,0,0,0,0,0,0,0,0,0,0,0,51,0,64,0,64,0,0,0,0,0,6,0,0
28,0,0,0,0,0,25,0,0,1,2,0,0,0,0,63,0,12,0,0,0,64,9,2,0,0,0,2,0,0,0,51,0,0,0,40,0,1,0,0,0,0,13,0,0,0,0,0,0,0,2,60,0,43,0,64,0,0,0,0,0,23,0,0
0,0,0,0,0,0,64,0,0,0,0,0,0,0,0,64,0,0,0,0,0,64,22,0,0,0,0,0,0,0,0,64,0,0,1,0,0,0,0,0,37,0,0,0,0,0,0,0,0,0,0,4,0,64,0,64,0,0,0,0,64,0,0,0
30,0,0,0,0,0,64,0,64,0,0,0,0,0,0,64,0,0,0,0,0,60,0,0,0,0,0,0,0,0,0,64,0,0,6,5,0,0,0,7,0,0,0,0,0,0,0,0,0,0,0,0,0,64,0,64,0,0,0,0,0,20,0,0
0,0,0,0,0,0,64,0,64,0,0,0,0,0,0,64,0,0,0,0,0,41,0,0,0,0,0,0,0,0,0,40,0,0,0,0,0,0,0,50,0,0,0,0,0,0,0,0,0,0,0,0,0,64,0,64,0,0,0,0,0,61,0,0
64,0,0,0,0,0,64,0,0,0,0,0,0,0,0,64,0,0,0,0,0,61,0,0,0,0,0,0,0,0,0,64,0,0,0,0,0,0,0,0,0,0,0,0,4,0,0,0,0,0,0,0,0,62,0,64,0,0,0,0,3,0,62,0
55,0,0,0,0,0,64,0,0,0,0,0,0,0,0,64,0,0,0,0,0,58,0,0,0,0,24,0,0,0,0,64,0,0,0,0,0,0,0,0,3,0,0,0,0,0,0,0,0,0,0,0,13,34,0,64,0,0,5,0,64,0,0,0
64,0,0,0,0,0,64,0,0,0,0,0,0,0,0,64,0,0,0,0,0,28,64,0,0,0,0,0,0,0,0,64,0,0,0,0,0,0,0,0,0,0,0,0,0,0,0,0,0,0,0,0,34,64,0,64,0,0,2,0,0,0,0,0
0,0,0,0,0,0,64,0,0,0,0,0,0,0,0,64,0,0,0,0,0,64,0,0,0,0,0,0,0,0,0,64,0,0,0,24,0,0,0,0,0,0,0,0,0,0,0,0,0,0,0,64,0,64,0,64,0,0,0,0,0,40,0,0
0,0,0,0,0,23,64,0,64,0,0,0,0,0,0,64,0,0,0,0,0,0,45,0,0,0,0,0,10,0,0,35,0,0,0,12,0,0,0,64,0,0,0,2,0,0,0,0,0,0,1,0,0,64,0,64,0,0,0,0,0,0,0,0
0,0,0,0,0,0,64,0,45,0,0,0,0,0,0,64,0,0,0,0,0,64,0,0,0,0,0,0,0,0,0,64,0,0,0,0,0,0,0,0,19,0,0,0,0,0,0,0,0,0,0,0,0,64,0,64,0,0,0,0,64,0,0,0
64,0,0,0,0,0,64,0,0,0,0,0,0,0,0,64,0,0,0,0,0,64,64,0,0,0,0,0,0,0,0,64,0,0,0,0,0,0,0,0,0,0,0,0,0,0,0,0,0,0,0,0,0,64,0,64,0,0,0,0,0,0,0,0
64,6,7,1,4,1,31,3,15,5,32,5,3,0,2,2,2,21,6,23,2,7,11,0,4,4,1,3,2,0,10,8,15,5,9,22,1,0,0,16,20,4,39,2,0,1,0,0,0,0,0,15,0,27,5,10,0,2,13,0,2,1,2,0
21,0,0,0,0,0,39,0,1,9,0,0,0,0,0,64,0,18,0,0,0,51,0,0,0,0,0,0,0,0,0,58,0,0,0,35,0,0,0,0,0,0,18,0,0,0,0,0,0,0,0,54,0,0,0,64,0,0,0,0,0,33,0,0
64,0,0,0,0,0,64,0,0,0,0,0,0,0,0,64,0,0,0,0,0,64,0,0,0,0,0,0,0,0,0,64,0,0,0,0,0,0,0,0,0,0,0,0,0,0,0,0,0,0,0,0,0,64,0,64,0,0,0,0,0,64,0,0
0,0,0,0,0,0,64,0,0,0,0,0,0,0,0,64,0,0,0,0,0,64,0,0,0,0,0,0,0,0,0,64,0,0,0,8,0,0,0,0,62,0,0,0,0,0,0,0,0,0,0,4,0,64,0,0,0,0,0,0,0,54,0,0
0,0,0,0,0,0,64,0,0,0,0,0,0,0,0,64,0,0,0,0,0,64,0,0,0,0,0,0,0,0,0,64,0,0,0,55,0,0,0,0,0,0,0,0,0,0,0,0,0,0,0,5,0,64,0,64,0,0,0,0,64,4,0,0
0,0,0,0,0,0,64,0,64,0,0,0,0,0,0,64,0,0,0,0,0,20,0,0,0,0,0,0,0,0,0,64,0,0,0,0,0,0,0,0,58,0,0,0,0,0,0,0,0,0,0,0,0,64,0,64,0,0,0,0,0,2,48,0
29,0,40,0,0,0,17,0,0,5,1,0,0,0,4,64,0,35,0,0,0,41,4,0,0,0,0,3,0,2,0,48,0,0,0,23,0,2,0,8,0,0,51,0,0,0,0,0,0,0,0,35,0,36,0,64,0,0,0,0,0,0,0,0
63,0,0,0,0,1,64,0,10,0,0,0,0,0,0,64,0,0,0,0,0,49,3,0,0,0,0,0,0,0,0,64,0,0,0,27,0,0,0,13,0,0,0,0,0,0,0,0,0,0,0,0,0,64,0,64,0,0,0,0,0,26,0,0
0,0,0,0,0,0,64,0,0,0,0,0,0,0,0,64,0,0,0,0,0,64,0,0,0,0,44,0,0,0,0,64,0,0,0,7,0,0,0,0,0,0,0,0,0,0,0,0,0,0,0,13,0,64,0,64,0,0,0,0,0,0,0,0
0,0,0,0,0,0,64,0,22,0,0,0,0,0,0,64,0,0,0,0,0,64,0,0,0,0,0,20,0,0,0,64,0,0,0,5,0,0,0,0,59,0,0,3,0,0,0,0,0,0,0,15,0,64,0,64,0,0,0,0,4,0,0,0
0,0,0,0,0,0,64,0,0,0,0,0,0,0,0,64,0,0,0,0,0,64,11,0,0,0,0,0,1,0,0,64,0,0,0,64,0,0,0,0,24,0,0,0,0,0,0,0,0,0,0,0,0,64,0,64,0,0,0,0,0,28,0,0
0,0,0,0,0,0,64,0,56,0,0,0,0,0,0,64,0,25,0,0,0,44,3,0,0,0,0,0,0,0,0,64,0,0,0,38,0,0,0,0,0,0,13,0,0,0,0,0,0,0,0,6,0,64,0,64,0,0,0,0,7,0,0,0
