0,146,272,75,63,151,32,38,164,60,43,10,100,204,2,85,53,163,34,131,120,18,146,66,135,166,51,717,35,35,110,98,352,112,135,142,143,107,101,67,30,190,52,202,127,122,343,138,85,28,46,123,6,324,220,401,38,95,91,27,2,64,168,181
146,0,262,73,45,153,29,52,187,65,37,1,134,99,8,91,25,154,48,85,74,31,123,44,182,198,49,744,42,41,124,51,318,140,153,117,113,128,96,48,44,198,107,43,124,96,366,152,50,18,55,142,12,430,233,404,31,51,116,68,53,93,169,188
134,176,0,67,67,136,28,33,186,51,43,2,111,131,16,115,14,145,43,66,109,23,152,33,143,182,85,737,36,35,111,78,326,123,144,119,139,112,87,44,31,196,62,52,159,99,348,137,57,44,71,123,31,402,225,349,36,96,95,184,112,46,159,187
99,161,243,0,55,146,28,47,188,69,48,2,122,144,13,102,12,131,32,179,38,16,158,49,171,190,52,727,25,15,106,73,295,125,155,135,154,128,76,57,35,201,33,88,101,88,364,141,68,35,42,148,12,360,221,377,39,83,106,89,69,84,167,322
117,143,283,79,0,150,22,48,175,54,68,5,108,100,9,93,40,143,71,179,118,31,137,43,127,212,42,781,70,28,111,97,330,120,128,122,123,110,102,43,21,186,39,85,95,99,344,141,47,35,50,131,5,439,216,396,38,72,102,116,34,58,200,124
102,137,287,69,70,0,35,53,163,58,102,3,117,127,3,86,20,132,87,88,40,39,144,65,133,219,44,715,84,53,90,102,317,108,121,122,128,105,76,42,27,179,75,116,133,100,317,132,42,19,50,125,5,421,238,371,57,86,89,211,44,93,187,179
105,129,282,80,100,157,0,32,149,68,46,3,86,149,5,94,26,188,52,108,48,27,139,64,112,204,33,765,44,24,89,85,338,92,98,132,131,92,88,66,26,171,45,128,113,114,402,136,68,48,41,106,10,471,249,412,47,82,74,189,24,45,165,198
128,139,265,73,60,141,29,0,167,57,57,18,109,107,4,67,15,157,42,260,45,12,147,37,146,206,31,768,42,23,105,77,353,121,128,125,148,109,98,36,39,172,32,114,77,82,375,103,42,27,47,105,5,491,230,367,36,119,107,93,39,44,177,288
95,128,271,105,76,139,24,75,0,51,45,14,80,140,15,92,22,172,47,245,52,27,153,56,143,217,48,766,35,37,94,81,353,107,121,133,129,92,66,97,20,188,46,138,128,91,379,111,90,41,56,110,68,221,235,360,46,95,83,79,22,85,192,225
98,129,235,133,65,131,29,65,187,0,66,15,107,110,25,75,19,127,49,192,122,19,189,51,124,179,69,768,41,27,100,94,324,122,117,160,133,111,80,64,42,203,32,125,132,90,317,130,76,22,73,104,34,362,190,323,23,102,100,170,33,98,166,165
104,126,259,64,66,145,22,68,182,64,0,1,100,128,21,77,25,148,83,115,49,32,146,71,120,206,44,745,77,69,98,94,341,107,109,121,137,99,77,44,26,197,78,125,126,104,362,122,54,13,35,111,13,405,236,372,55,72,75,175,6,78,173,230
112,149,248,61,43,162,25,61,191,64,33,0,130,199,4,75,14,158,35,165,25,19,137,68,188,197,113,706,19,9,115,66,322,140,131,99,153,133,81,51,28,199,42,107,149,83,405,135,38,16,95,137,97,309,229,399,58,69,106,60,15,72,174,186
121,114,309,70,89,167,23,48,166,63,47,5,0,110,2,68,23,186,49,220,46,18,123,74,138,256,46,786,34,13,88,62,397,99,91,104,113,90,93,51,35,182,35,92,60,78,444,126,50,24,66,108,18,346,259,451,50,61,84,23,33,60,237,306
126,147,285,97,42,142,30,82,166,64,31,36,112,0,24,84,17,153,24,267,117,20,155,26,155,219,59,767,19,19,108,61,366,132,120,147,113,119,88,59,27,183,45,78,117,95,370,133,49,12,64,117,14,280,218,427,30,50,100,133,55,58,184,227
147,165,260,105,80,133,29,53,185,61,27,27,108,195,0,98,12,158,30,53,91,14,138,56,160,192,77,748,26,17,112,86,342,120,141,144,137,107,92,58,42,206,45,129,145,102,357,122,62,36,62,131,47,218,220,418,74,76,93,104,9,40,179,206
109,141,292,71,72,158,33,66,172,60,50,5,119,163,6,0,17,179,47,141,117,23,159,59,134,202,54,761,52,28,116,69,357,120,133,135,129,112,100,60,39,195,36,126,80,93,374,126,65,31,47,136,14,354,227,392,52,91,102,69,25,37,182,134
122,149,239,70,66,147,31,54,200,67,46,14,138,159,3,82,0,141,36,197,39,14,150,56,181,197,62,724,29,28,123,60,326,144,139,110,146,139,91,55,37,213,78,101,75,98,382,139,46,12,53,147,12,415,212,389,34,57,124,29,27,53,167,236
87,115,247,76,98,150,25,52,155,64,78,14,77,188,8,65,24,0,63,191,51,27,141,89,118,209,58,780,56,32,79,101,344,79,98,133,145,72,85,65,31,156,39,167,90,103,421,102,60,41,58,116,8,395,243,436,50,106,70,94,16,35,195,159
119,126,328,59,112,149,32,85,169,67,36,21,107,116,9,83,29,267,0,110,88,27,113,52,138,265,52,813,42,24,96,58,382,101,104,92,103,94,76,38,33,191,62,43,71,93,488,115,51,26,53,132,5,245,279,492,53,73,91,61,42,60,243,84
123,148,262,88,59,145,26,29,184,53,52,0,103,169,7,92,20,158,39,0,65,22,153,50,139,181,59,766,32,21,108,73,338,121,143,148,140,110,80,69,43,197,25,112,143,90,355,142,87,35,52,144,71,266,227,406,48,81,102,182,17,77,177,203
114,146,260,57,75,137,30,61,183,51,60,24,131,139,8,73,20,147,41,118,0,25,159,59,167,214,44,766,37,21,108,80,333,127,142,112,133,125,78,46,40,196,43,121,88,91,361,94,50,29,45,121,7,447,222,421,45,73,111,67,40,68,187,250
103,130,261,68,76,146,25,56,178,65,37,3,82,158,7,76,31,159,43,105,79,0,152,79,117,209,33,786,40,29,82,94,402,92,109,131,138,81,73,52,33,200,52,147,118,87,388,119,66,28,48,111,24,320,247,449,93,94,71,133,10,38,171,268
103,150,278,88,50,145,28,43,178,59,29,11,109,215,8,82,16,170,26,118,93,7,0,51,127,193,59,769,15,10,91,74,373,106,133,135,145,99,98,72,32,198,33,84,124,82,400,118,94,51,58,137,28,281,235,426,48,90,93,22,18,83,185,274
115,148,269,71,56,140,36,52,191,62,61,43,115,123,9,91,12,133,42,103,56,18,161,0,154,193,41,773,32,22,115,76,338,115,141,128,153,118,91,58,28,203,50,80,98,101,378,128,53,16,36,143,13,395,216,379,35,93,107,183,5,65,170,251
105,159,277,78,44,156,32,74,181,62,17,26,135,141,4,90,14,132,14,190,69,11,142,37,0,198,47,759,10,14,121,58,337,132,141,120,122,127,85,54,41,191,63,89,74,99,433,132,51,19,55,129,46,342,222,430,35,53,117,30,12,165,178,240
126,128,250,81,61,151,21,51,173,61,52,8,100,204,31,80,16,168,34,148,65,12,172,38,136,0,74,701,19,20,100,98,310,113,116,144,134,106,105,85,55,201,59,158,124,111,350,177,86,39,76,111,26,247,229,355,61,116,88,69,17,51,184,228
103,148,317,76,69,145,34,55,165,72,27,11,120,109,1,89,14,207,32,206,83,16,145,58,147,216,0,827,29,7,97,59,365,107,128,110,130,100,73,36,30,177,40,80,73,97,428,118,35,54,49,121,3,447,258,440,39,80,90,48,32,49,223,145
122,153,270,81,95,149,28,53,181,69,53,25,77,117,22,90,15,174,50,226,65,24,158,72,167,190,65,0,41,19,78,74,357,91,141,109,141,81,94,71,30,200,37,103,89,91,381,130,56,45,70,113,20,334,225,418,49,81,72,53,8,52,182,213
102,146,278,77,74,157,32,57,175,57,33,2,83,116,11,76,22,149,30,141,72,26,165,67,136,205,61,744,0,34,82,83,354,93,132,138,161,73,80,66,32,189,59,180,154,98,342,125,76,30,62,134,16,312,219,384,78,82,64,125,53,67,182,242
114,150,289,74,69,148,30,55,182,57,50,9,87,154,9,99,17,125,40,197,162,10,149,54,137,203,44,744,23,0,87,89,393,100,137,138,133,91,86,50,35,206,57,126,80,112,386,126,64,51,41,124,19,277,237,417,31,69,82,45,40,106,159,229
117,110,301,110,68,145,29,71,170,59,28,16,76,236,11,75,20,188,26,146,63,11,165,55,102,239,62,799,23,3,0,121,366,89,95,160,132,81,72,58,44,182,19,162,142,98,382,122,83,51,62,102,12,277,270,423,76,108,78,48,2,40,203,144
109,158,287,81,43,130,46,75,175,64,52,8,94,126,2,79,31,123,20,195,51,11,141,49,159,210,61,766,18,32,96,0,325,114,141,129,148,97,81,54,30,187,61,135,122,91,391,135,60,18,65,101,33,322,225,403,48,101,90,78,20,73,185,271
144,119,290,48,54,136,26,68,157,72,71,0,118,139,9,73,21,169,67,16,24,23,117,48,181,228,105,744,56,31,112,58,0,143,100,104,120,131,83,56,26,172,91,61,180,118,376,154,40,31,59,164,9,416,253,416,42,50,115,131,28,55,191,160
98,155,258,68,96,144,27,47,202,65,36,1,111,178,15,82,37,223,51,92,50,28,143,64,163,199,40,788,32,22,93,63,335,0,130,109,140,100,84,55,41,219,49,61,88,100,428,119,59,34,40,169,23,379,253,438,42,86,87,67,7,43,189,174
118,143,278,80,77,144,33,50,180,66,61,4,100,121,8,76,17,150,40,129,30,14,154,72,181,202,100,799,25,15,106,58,324,118,0,118,148,103,93,57,40,193,80,82,153,82,346,144,58,48,95,154,4,353,239,411,46,77,84,131,41,42,179,130
117,127,274,89,71,152,36,53,186,63,19,6,115,216,9,66,12,159,17,109,48,5,157,29,170,221,79,786,7,9,113,53,329,128,124,0,113,116,79,62,34,201,60,87,161,96,380,118,87,24,52,153,25,369,239,396,41,67,103,18,66,102,181,178
124,151,223,77,48,150,30,44,192,68,68,0,129,133,4,101,20,128,50,160,36,35,154,54,160,173,47,728,46,39,107,84,297,117,143,120,0,112,77,50,43,201,68,91,88,104,340,127,51,50,54,146,28,489,219,360,37,92,95,84,11,103,159,243
131,135,290,84,57,156,26,66,186,57,47,22,132,159,6,73,22,177,27,72,61,13,158,50,147,235,38,752,26,15,110,53,351,126,125,121,116,0,99,54,36,199,33,50,117,83,408,124,61,60,45,130,1,413,251,420,22,71,106,131,19,63,204,180
166,152,274,70,44,144,32,72,182,63,29,1,140,73,13,87,10,136,25,264,88,7,155,48,164,211,39,738,19,8,111,47,307,158,141,136,120,132,0,57,37,187,20,67,69,73,367,122,67,11,47,123,58,336,214,421,42,59,111,49,20,86,177,379
111,120,278,72,59,142,34,59,173,62,63,44,106,158,9,82,33,121,57,168,66,33,160,47,126,220,85,743,40,41,96,101,354,108,109,138,141,97,64,0,32,189,84,167,123,103,375,123,41,25,64,133,6,463,218,367,23,112,94,60,23,51,166,116
111,147,233,60,82,154,33,42,173,63,39,10,117,151,12,74,16,202,48,123,66,23,162,73,165,195,42,747,37,24,101,63,332,108,138,129,130,101,73,58,0,194,47,87,124,79,393,134,75,3,40,123,47,294,232,403,63,69,94,161,28,57,182,298
119,125,304,77,55,149,34,57,173,70,63,3,122,118,6,91,23,179,35,185,40,18,159,43,153,247,37,775,30,24,99,69,351,113,114,120,117,110,99,56,37,0,33,78,85,83,408,117,45,42,36,125,10,442,258,393,19,80,95,81,15,84,206,204
151,144,247,51,69,142,28,44,183,47,37,0,154,147,7,83,21,176,27,68,63,18,146,59,161,190,86,784,21,7,119,53,332,132,131,131,133,139,89,45,29,201,0,150,115,85,395,132,69,9,52,150,39,314,220,457,63,65,105,66,35,82,179,181
93,149,245,98,66,132,24,48,204,54,65,4,95,112,24,93,11,122,57,158,112,24,165,74,172,177,46,723,52,32,97,110,302,108,134,147,138,99,74,58,43,211,51,0,101,92,301,117,90,41,74,128,73,406,199,339,51,96,84,124,37,87,156,214
143,161,234,75,46,132,37,64,163,56,75,1,91,100,21,112,19,105,61,108,93,30,167,62,147,164,66,696,49,22,115,89,343,123,140,144,130,89,106,68,34,200,31,83,0,97,388,163,69,21,57,139,71,226,208,414,82,78,88,92,44,102,138,303
137,138,247,80,74,150,26,52,185,63,48,5,164,136,7,72,21,142,29,198,61,18,160,46,172,193,63,743,26,14,134,74,283,145,145,120,137,143,65,45,58,194,45,76,90,0,342,118,45,17,52,172,22,417,215,373,23,74,122,82,22,90,185,229
98,140,266,71,52,157,27,68,175,71,54,30,103,166,9,79,12,158,32,155,65,12,143,45,140,200,84,771,25,18,87,69,339,95,118,155,125,89,73,71,44,193,61,97,159,102,0,141,79,29,46,139,32,290,228,418,67,70,75,88,11,93,174,230
113,129,280,66,67,155,33,96,169,70,69,5,131,143,21,74,30,140,65,112,37,48,139,56,141,220,57,703,65,44,108,65,325,122,109,124,131,115,82,40,40,186,84,73,128,95,351,0,41,23,45,150,9,391,241,396,52,50,93,117,31,68,185,210
113,130,278,71,87,136,32,76,182,65,54,22,127,143,10,93,20,193,42,86,73,26,154,46,141,220,50,775,44,27,108,73,335,120,114,121,124,117,79,47,27,198,66,83,113,105,359,150,0,31,52,146,27,301,270,367,44,72,100,156,14,93,195,149
120,143,283,92,71,149,27,52,192,60,36,2,98,86,2,100,29,154,35,216,123,13,166,59,120,200,64,725,36,39,83,62,369,94,127,144,135,77,81,84,37,210,67,103,95,108,370,140,91,0,61,103,40,276,229,385,67,84,69,67,8,72,176,291
114,119,287,48,100,153,31,34,178,63,64,11,85,73,1,65,39,247,54,161,36,35,124,89,127,227,59,809,45,42,77,76,367,79,106,77,126,70,115,33,21,200,90,77,69,82,446,112,28,34,0,142,1,471,265,495,39,48,68,88,33,42,211,152
134,127,289,82,62,143,23,61,170,63,49,10,125,167,4,80,33,171,57,162,43,33,143,47,133,212,55,756,47,35,115,103,295,133,101,116,118,127,92,42,46,190,62,42,122,91,354,118,53,18,66,0,3,427,242,384,42,75,114,138,16,53,186,178
106,143,254,79,84,146,28,58,179,60,60,1,95,74,11,100,16,187,29,154,66,15,125,52,122,203,111,806,25,27,95,72,404,103,106,107,121,91,94,38,31,199,80,96,99,108,409,159,46,42,80,114,0,326,239,426,50,51,83,102,33,35,192,260
174,146,247,109,49,134,30,42,164,51,43,3,97,158,11,72,16,94,40,171,41,28,198,46,123,171,76,713,40,16,116,111,308,128,134,152,152,106,123,62,37,212,42,99,157,87,267,120,71,41,92,130,29,0,214,312,37,79,89,142,36,58,147,237
127,151,298,96,55,139,48,50,186,60,48,24,103,99,14,87,26,160,21,184,71,22,167,51,151,225,83,759,21,17,107,45,336,129,133,119,124,110,93,56,37,200,38,65,167,83,376,122,46,12,77,159,6,306,0,414,30,60,93,153,9,49,188,200
118,138,246,88,73,162,25,44,207,73,57,3,85,208,4,75,19,175,37,128,37,15,143,69,151,183,66,784,27,20,86,70,343,91,124,147,142,82,86,70,30,227,62,113,151,96,411,110,73,21,67,171,22,313,234,0,65,84,72,67,10,52,171,183
130,131,252,79,67,141,25,60,173,67,49,2,120,213,14,88,11,172,51,85,55,37,167,69,151,207,78,746,44,45,100,115,296,123,117,139,143,113,80,57,46,181,35,120,163,90,343,159,66,16,58,125,34,208,219,399,0,76,96,131,63,63,174,186
126,164,287,76,84,133,39,99,183,65,76,5,136,122,27,97,20,155,51,145,116,19,156,67,148,193,81,705,48,27,102,74,325,124,146,119,106,117,95,65,47,191,23,89,135,101,341,144,76,12,69,128,60,179,210,395,57,0,94,67,10,84,167,249
116,125,294,63,73,144,37,48,174,57,62,4,105,99,19,82,22,188,40,110,68,16,144,57,155,213,42,798,26,18,105,52,336,105,113,106,113,96,87,58,20,201,44,99,102,103,414,133,46,58,35,147,7,361,283,430,34,43,0,209,12,117,181,184
106,153,229,83,82,131,43,66,227,61,53,22,140,127,10,69,17,109,68,171,21,45,187,64,189,176,41,745,56,31,106,76,295,121,152,108,147,111,80,37,44,239,51,69,91,78,309,104,42,23,54,170,2,537,227,331,24,82,102,0,22,107,162,222
97,139,254,54,71,164,26,62,194,85,62,0,113,90,3,94,11,191,33,155,108,16,150,83,135,186,41,807,25,27,83,47,363,97,105,92,129,91,78,34,32,209,56,87,58,101,443,141,48,15,44,166,46,356,255,454,80,70,76,61,0,52,170,249
141,138,254,88,57,144,28,47,196,66,67,3,157,119,13,79,17,132,33,94,22,7,164,40,170,180,71,741,32,15,129,70,299,141,124,138,124,130,98,59,28,196,41,101,138,91,361,122,53,47,66,174,14,489,214,365,30,70,111,143,42,0,164,176
138,125,243,80,57,152,29,35,158,75,70,3,136,146,28,68,22,141,63,117,31,14,135,39,147,191,78,731,17,26,127,98,274,143,110,127,133,125,98,59,41,173,46,90,188,93,337,120,53,36,92,157,6,471,220,391,34,69,110,118,32,71,0,214
111,133,224,89,75,141,35,55,219,64,61,10,152,109,8,73,10,98,41,204,74,20,186,60,144,183,69,721,36,38,120,50,348,136,126,145,129,127,90,66,37,240,94,64,119,95,348,141,64,8,49,134,13,421,195,344,22,55,113,73,21,97,155,0
