0,2337,5501,1181,905,4421,3035,1482,1067,1258,1661,3164,1753,6671,1866,2552,5477,3143,566,2556,350,1489,3028,2266,1816,138,1460,1635,1625,1022,2294,1482,2761,1527,651,1412,2357,3209,2092,3007,1237,1942,2292,4392,5029,2650,917,2761,1318,883,1481,1445,2223,2344,583,550,6123,370,1494,2697,1120,1524,7228,235
2013,0,5539,1340,891,4317,3041,1389,1121,1221,1697,3268,1638,6600,1826,2599,5405,3118,750,2601,398,1621,3019,2240,1646,166,1672,1628,1643,1088,2220,1383,2699,1473,721,1644,2293,3123,2021,3075,1076,1757,2207,4494,5164,2597,851,2782,1308,885,1364,1441,2287,2411,494,569,6442,411,1535,2667,1065,1526,7120,225
1920,2333,0,1346,894,4261,3039,1528,1069,1134,1879,3174,1775,6823,1808,2512,5573,3156,584,2473,355,1664,2852,2301,1701,152,1528,1684,1837,1049,2331,1384,2749,1571,713,1482,2331,3171,2141,2938,781,1621,2368,4538,5177,2538,853,2664,1297,895,1495,1473,2273,2251,525,531,6337,403,1486,2696,1067,1404,7267,273
2152,2374,5647,0,889,4119,2916,1460,1053,1227,1667,3217,1657,6310,1905,2567,5625,3252,620,2453,383,1638,2902,2544,1666,84,1456,1617,1753,1070,2236,1355,2858,1411,745,1653,2408,3251,2054,3060,1188,1951,2253,4426,4905,2593,857,2869,1288,913,1382,1336,2316,2494,553,534,6116,401,1576,2612,1148,1525,7032,231
2067,2333,5608,1435,0,4228,2926,1436,1208,1215,1779,3101,1647,6615,1887,2369,5567,3110,568,2577,401,1533,2736,2270,1717,153,1506,1646,1692,1213,2224,1373,2715,1572,688,1612,2386,3163,2029,2881,1014,1986,2212,4554,5135,2735,870,2651,1271,831,1432,1557,2330,2279,565,457,6255,377,1666,2600,1124,1686,7260,221
2163,2465,5690,1350,882,0,2890,1418,1224,1211,1636,3033,1656,6449,1873,2435,5648,3348,715,2480,429,1406,2748,2393,1635,104,1397,1580,1875,1102,2227,1444,2928,1440,820,1795,2406,3216,2011,3024,1243,2055,2168,4295,4977,2510,898,2822,1269,946,1387,1411,2357,2467,477,649,6205,350,1620,2570,1174,1534,6834,227
2022,2257,5861,1250,898,4323,0,1347,968,1293,1661,3180,1651,6908,1803,2554,5539,3196,654,2620,407,1720,2780,2579,1683,78,1432,1627,2074,1126,2229,1370,2716,1470,746,1557,2260,3218,2029,3040,980,1900,2201,4592,5162,2508,953,2747,1307,909,1396,1403,2178,2338,490,577,6306,382,1487,2614,1088,1417,6902,196
2129,2350,5605,1197,884,4202,2987,0,1111,1266,1698,3235,1710,6626,1825,2556,5497,3118,859,2515,402,1527,2920,2697,1437,125,1560,1609,1984,1220,2281,1463,2713,1508,711,1463,2338,3109,2111,3144,1091,1929,2317,4277,4881,2654,962,2917,1276,914,1473,1412,2188,2502,507,613,5983,355,1537,2596,1088,1433,6833,204
2041,2350,5681,1430,886,4228,3035,1444,0,1200,1579,3303,1724,6883,1792,2539,5447,3160,720,2665,388,1364,2974,2463,1635,101,1401,1508,1929,1200,2281,1383,2707,1377,645,1679,2282,3177,2074,2999,1073,1950,2232,4537,5209,2551,845,2731,1310,803,1463,1295,2174,2342,489,500,6405,381,1524,2607,1111,1493,7218,226
2121,2307,5474,1427,886,4178,3029,1421,1117,0,1702,3093,1674,6438,1781,2557,5441,3453,547,2548,376,1555,2939,2435,1715,128,1580,1743,1871,1260,2264,1366,2987,1528,591,1542,2222,3271,2049,3068,1141,2076,2259,4412,5003,2634,887,2836,1316,798,1354,1473,2351,2419,559,506,6051,371,1457,2662,1137,1442,6889,283
1946,2326,5601,1437,891,4219,2989,1439,1282,1195,0,3076,1678,6356,1804,2580,5506,3169,674,2509,403,1783,2854,2488,1677,119,1781,1690,1884,1184,2267,1514,2685,1562,746,1665,2305,3159,2064,2984,979,1956,2266,4364,4911,2601,940,2670,1330,855,1353,1508,2215,2294,520,567,6201,369,1599,2647,1005,1527,6924,239
1986,2336,5518,1520,913,4156,3053,1400,1055,1077,1676,0,1873,6664,1834,2463,5588,3162,549,2500,373,1524,2928,2375,1769,111,1516,1627,1775,1132,2271,1329,2789,1478,651,1663,2379,3228,2068,2941,1051,1966,2217,4681,5151,2621,808,2603,1292,783,1625,1460,2302,2257,461,468,6358,361,1662,2622,1089,1571,7017,191
1917,2189,5656,1425,894,4532,3030,1389,1142,1174,1634,3251,0,6685,1824,2520,5214,3064,667,2703,381,1684,2908,2580,1608,119,1495,1609,1908,1280,2231,1462,2673,1411,711,1488,2274,3098,2049,2996,1257,1898,2149,4627,5214,2643,873,2648,1331,896,1387,1399,2170,2239,467,601,6295,424,1571,2654,998,1503,7122,211
2049,2270,5698,1524,872,4226,2969,1440,917,1243,1706,3113,1687,0,1815,2392,5576,3076,667,2663,371,1807,2681,2536,1687,146,1552,1660,1869,1214,2252,1254,2733,1580,720,1507,2246,3132,2089,2987,1095,2053,2281,4564,4955,2651,931,2757,1286,943,1415,1506,2264,2390,498,575,6130,427,1524,2616,1086,1483,6941,229
2037,2388,5607,1484,899,4196,2899,1408,1162,1202,1817,3152,1659,6732,0,2453,5590,3175,608,2541,393,1622,2848,2429,1669,113,1552,1669,1893,1291,2201,1265,2774,1570,660,1569,2363,3217,2025,2973,1086,1868,2207,4458,4982,2655,902,2708,1339,852,1437,1544,2309,2338,566,491,6065,381,1626,2548,1158,1412,6970,238
2126,2411,5607,1460,895,4268,3002,1388,1082,1144,1620,3163,1648,6500,1867,0,5574,3203,808,2604,386,1728,3073,2411,1786,106,1452,1506,1838,1213,2211,1266,2784,1417,699,1612,2322,3182,2009,3068,1095,2052,2200,4418,5097,2552,851,2769,1303,865,1427,1322,2219,2411,638,576,6218,400,1397,2616,1117,1383,6984,249
1950,2284,5621,1488,885,4364,3026,1379,1302,1195,1675,3156,1697,6665,1816,2435,0,3036,934,2614,399,1575,2887,2500,1753,127,1471,1605,1820,1235,2236,1456,2647,1419,755,1528,2315,3023,2027,2883,1108,2194,2189,4456,5089,2431,965,2606,1326,1001,1428,1448,2206,2256,556,643,6299,392,1563,2639,968,1553,7134,204
2076,2330,5805,1411,894,4133,2862,1421,1224,1395,1649,2972,1660,6311,1794,2511,5385,0,783,2444,389,1575,3034,2688,1664,123,1541,1590,2003,1330,2206,1614,2974,1458,813,1522,2295,3143,2035,3071,1067,1865,2197,4221,4783,2624,971,2851,1296,1034,1498,1327,2192,2418,604,676,5965,414,1489,2578,1090,1389,6866,220
1906,2213,5597,1456,898,4406,2929,1395,1357,1070,1690,3257,1694,6797,1762,2409,5311,3136,0,2597,374,1819,3048,2415,1716,141,1602,1627,1905,1251,2210,1396,2744,1447,756,1505,2219,3174,2038,2940,1025,1843,2212,4464,5181,2658,908,2596,1261,872,1430,1429,2344,2246,509,557,6243,449,1484,2586,1045,1498,7172,215
1988,2292,5669,1643,875,4265,2919,1377,1037,1197,1701,3044,1641,6526,1801,2460,5479,3129,969,0,393,1565,2699,2675,1551,120,1523,1629,2018,1301,2190,1413,2696,1494,801,1546,2287,3110,2005,3005,971,2051,2249,4372,4987,2674,981,2703,1279,959,1413,1509,2575,2302,476,574,6169,430,1537,2628,1051,1574,6955,192
1909,2395,5406,1605,897,4039,2949,1466,1116,1093,1714,3070,1702,6469,1905,2453,5486,3212,559,2489,0,1846,2807,2466,1658,185,1565,1655,1963,1339,2273,1320,2786,1496,637,1681,2422,3230,2102,2932,1180,2241,2284,4361,4904,2679,903,2622,1304,706,1401,1537,2599,2259,501,464,6178,362,1632,2580,1027,1737,6759,241
2060,2413,5579,1582,885,4168,2908,1409,1027,1190,1636,3049,1652,6681,1914,2533,5406,3170,934,2470,395,0,2871,2604,1626,142,1475,1563,2034,1395,2207,1368,2744,1454,683,1752,2369,3196,2015,3034,1318,2218,2188,4295,4997,2526,892,2694,1337,860,1443,1434,2328,2332,478,493,6041,369,1492,2571,1081,1603,6814,176
2055,2356,5645,1585,866,4108,2947,1439,1286,1112,1700,3081,1703,6636,1892,2452,5510,3088,711,2375,373,1668,0,2465,1772,139,1541,1607,1929,1296,2266,1271,2724,1508,745,1577,2361,3139,2070,2973,1181,2057,2259,4348,5013,2519,938,2708,1284,824,1481,1478,2277,2358,512,547,6256,369,1563,2583,1106,1491,6981,226
2015,2422,5449,1332,881,4152,2981,1408,1200,1185,1782,2938,1642,6478,1820,2603,5384,3111,882,2440,416,1648,3011,0,1469,151,1608,1723,1989,1504,2263,1358,2754,1539,742,1537,2330,3149,2043,2975,1215,2180,2230,4257,4964,2461,1223,2780,1338,881,1334,1496,2275,2371,571,529,5951,360,1404,2643,1104,1593,6854,252
2018,2313,5479,1589,892,4041,2948,1415,1329,1119,1685,2975,1687,6203,1856,2493,5387,3404,740,2441,388,1555,3126,2639,0,153,1522,1622,1825,1378,2270,1395,2822,1457,788,1526,2357,3190,2090,2997,1297,2341,2218,4347,4807,2746,955,2721,1320,859,1314,1474,2278,2341,442,596,5963,371,1649,2605,1077,1715,6771,223
2044,2286,5631,1627,887,4118,2987,1369,1077,1268,1727,3139,1651,6738,1774,2544,5561,3159,657,2430,388,1890,2544,2445,1853,0,1562,1581,1900,1317,2233,1318,2699,1487,674,1634,2296,3169,2049,2973,1050,2168,2243,4504,5105,2611,930,2664,1305,794,1320,1487,2290,2294,560,485,6190,381,1534,2669,1091,1548,6816,255
2037,2239,5618,1252,894,4294,2998,1457,1197,1241,1675,3383,1677,6916,1761,2497,5381,3085,708,2498,415,1619,2894,2575,1710,137,0,1615,1731,1400,2286,1317,2716,1500,716,1459,2210,3108,2074,3104,947,2023,2249,4611,5051,2395,1013,2728,1342,853,1400,1382,2193,2362,551,550,6223,354,1444,2641,1042,1327,7261,217
2070,2399,5419,1632,879,4055,2960,1474,1099,1170,1714,2922,1698,6152,1879,2499,5472,3407,895,2427,396,1607,2970,2672,1647,119,1620,0,1843,1401,2269,1266,2763,1476,601,1617,2387,3118,2074,2881,1301,2403,2228,4367,4814,2679,888,2726,1293,799,1417,1435,2363,2359,543,469,5979,349,1555,2630,1152,1720,6850,237
2114,2281,5564,1588,883,4087,3006,1421,1483,1251,1614,3059,1641,6344,1774,2621,5342,3054,790,2439,371,1863,3197,2746,1562,108,1630,1577,0,1542,2215,1385,2690,1448,735,1525,2240,3049,2038,3044,1059,2078,2217,4348,4895,2551,1008,2882,1298,903,1434,1315,2128,2451,523,595,5950,381,1456,2635,1203,1444,6861,219
2072,2286,5546,1340,897,4118,2997,1500,1129,1247,1567,2995,1780,6213,1859,2441,5267,3352,763,2352,391,1566,2908,2808,1652,149,1496,1556,1966,0,2343,1495,2894,1426,760,1489,2359,3059,2149,3072,1315,2153,2335,4348,4775,2651,970,2754,1301,880,1532,1395,2362,2390,529,569,5880,366,1492,2638,1069,1558,6917,246
2009,2327,5657,1277,903,4133,2980,1422,1151,1193,1674,3058,1677,6695,1816,2478,5522,3080,689,2458,429,1660,2826,2639,1610,120,1573,1599,1981,1436,0,1339,2665,1487,688,1655,2278,3094,2054,3033,917,2034,2246,4674,4988,2534,994,2764,1326,813,1343,1438,2280,2346,466,492,6184,365,1615,2635,1073,1495,7245,246
2000,2127,5828,1472,901,4422,3013,1465,1043,1250,1549,3125,1696,7015,1753,2560,5175,3080,685,2596,407,1829,2811,2721,1690,87,1529,1503,1943,1441,2274,0,2713,1347,679,1356,2209,3069,2065,3224,1146,1812,2252,4687,4963,2466,930,2829,1323,809,1514,1279,2162,2355,518,628,6177,403,1417,2704,1036,1389,7107,234
2013,2309,5684,1667,890,4227,2969,1422,1157,1143,1638,3054,1645,6663,1780,2561,5385,3087,803,2493,391,1935,3033,2805,1555,101,1559,1622,1992,1430,2220,1419,0,1452,773,1437,2274,3123,2027,2998,1002,2141,2210,4252,4945,2615,981,2741,1306,919,1440,1396,2194,2335,478,545,5966,386,1581,2614,1062,1471,6930,216
2044,2401,5662,1493,895,4050,2897,1370,1245,1142,1682,3026,1612,6623,1899,2533,5578,3150,708,2497,391,1642,2638,2810,1644,147,1592,1590,2075,1447,2205,1247,3031,0,661,1754,2358,3156,1984,3014,1023,2207,2195,4337,4896,2533,998,2775,1330,801,1337,1431,2305,2389,537,490,6109,371,1549,2596,1109,1588,6703,209
2071,2406,5687,1340,856,4173,2925,1345,1053,1077,1637,3089,1653,6788,1809,2461,5420,3447,681,2566,366,1645,2804,2547,1856,109,1541,1572,2129,1459,2160,1253,2790,1383,0,1729,2277,3245,1984,2892,1281,2181,2175,4326,5096,2512,944,2729,1301,807,1398,1380,2264,2359,599,759,6120,407,1414,2574,1128,1416,6902,187
2052,2299,5484,1366,884,4604,2964,1382,1433,1160,1649,3101,1695,6375,1756,2604,5293,3051,1023,2444,369,1648,3041,2690,1594,150,1637,1652,1986,1464,2216,1350,2702,1432,660,0,2207,3082,2020,3031,1242,2137,2186,4311,4957,2545,969,2785,1287,817,1346,1476,2235,2396,481,526,6086,386,1489,2629,1102,1498,6892,230
1975,2363,5516,1672,874,4115,2942,1435,1188,1142,1719,2914,1666,6235,1818,2521,5358,3083,989,2366,380,2028,2978,2812,1601,145,1636,1654,1966,1454,2265,1426,2715,1524,765,1550,0,3077,2039,2988,1077,2356,2258,4228,4773,2673,996,2732,1299,828,1426,1502,2234,2323,528,565,5929,401,1499,2643,1060,1624,6767,223
1924,2259,5760,1622,881,4260,2943,1375,1142,1149,1627,3442,1664,6783,1799,2458,5296,3045,833,2617,383,1636,2943,2716,1696,145,1525,1545,1772,1427,2202,1424,2662,1417,773,1486,2314,0,2034,2836,989,2088,2208,4652,5081,2489,1035,2601,1329,942,1466,1357,2156,2231,507,560,6196,398,1516,2545,1036,1502,7129,220
1963,2339,5602,1637,867,4095,2953,1446,1039,1103,1716,2898,1685,6442,1870,2446,5346,3151,698,2429,391,1971,2736,2848,1656,132,1904,1600,2146,1431,2258,1303,2829,1483,663,1544,2349,3173,0,3095,1040,2306,2277,4281,4870,2612,977,2788,1297,821,1424,1398,2342,2364,465,551,5918,354,1451,2637,1075,1572,6804,226
1916,2239,5690,1722,889,4195,2957,1503,1114,1156,1625,3138,1722,6459,1796,2480,5318,3146,1058,2415,363,1926,2802,2670,1667,129,1485,1602,2129,1443,2272,1406,2649,1463,760,1482,2285,3125,2108,0,1049,2154,2262,4399,5009,2616,970,2590,1317,855,1435,1385,2194,2211,455,558,6164,412,1516,2618,1052,1531,6951,218
1998,2257,5635,1337,885,4118,2934,1389,1052,1203,1694,2946,1674,6647,1786,2458,5446,3152,689,2467,398,1759,2801,2733,1694,118,1658,1634,1771,1498,2230,1349,2770,1543,722,1568,2252,3158,2045,3275,0,2338,2234,4501,4885,2505,1059,2745,1293,933,1356,1467,2188,2337,532,528,5869,392,1494,2575,1116,1513,7095,225
1974,2307,5579,1427,875,4157,2942,1443,1089,1250,1630,3023,1673,6556,1812,2550,5416,3022,1093,2393,376,2024,2773,2795,1641,142,1585,1609,2030,1506,2252,1426,2642,1492,709,1519,2335,3049,2072,3019,1157,0,2297,4252,4764,2726,1039,2683,1298,874,1427,1451,2241,2335,506,593,5773,401,1582,2673,1038,1563,6852,237
2132,2348,5770,1649,878,4060,2908,1372,1118,1196,1608,3039,1673,6654,1757,2522,5309,3112,716,2446,369,1986,2940,2768,1642,156,1659,1512,2091,1535,2198,1287,2808,1378,691,1575,2233,3146,2000,2970,1017,2198,0,4354,4974,2411,971,2823,1293,867,1381,1286,2198,2438,557,533,6223,367,1557,2529,1177,1530,6830,252
2031,2171,5702,1684,901,4168,2972,1450,1374,1348,1620,3043,1726,6202,1740,2455,5241,3076,1074,2362,391,2044,2992,2877,1726,98,1656,1568,1665,1641,2269,1504,2649,1440,771,1516,2237,3052,2045,3021,1128,2371,2221,0,4786,2417,1078,2718,1347,895,1464,1344,2127,2292,514,516,6016,409,1482,2641,1059,1502,6849,208
1957,2312,5648,1444,893,4159,2973,1416,1221,1241,1724,3078,1619,6669,1841,2531,5446,3082,685,2493,337,1760,2802,2700,1713,134,1670,1603,2114,1496,2208,1345,2722,1508,633,1489,2387,3138,2017,3030,959,2274,2212,4584,0,2459,1084,2664,1308,732,1384,1489,2171,2259,531,477,6044,352,1613,2612,1016,1575,6938,229
2040,2433,5611,1413,903,3999,2853,1356,1157,1155,1688,3114,1610,6037,1863,2478,5378,3187,855,2260,426,1794,3085,2770,1602,154,1707,1596,2241,1639,2190,1421,2819,1427,762,1747,2328,3167,1976,3030,1132,2403,2193,4426,4695,0,1072,2748,1283,916,1320,1461,2327,2353,517,596,5868,354,1531,2562,1065,1582,6746,239
1999,2216,5648,1369,893,4255,2966,1415,1470,1202,1613,3108,1669,6747,1753,2416,5245,3074,931,2472,394,1942,2969,2875,1584,144,1615,1553,2034,1580,2208,1445,2662,1390,829,1409,2233,3064,2028,3085,1080,1870,2165,4610,4860,2517,0,2717,1346,957,1429,1378,2120,2320,538,652,5963,412,1503,2607,997,1402,6859,229
2091,2217,5720,1535,889,4213,2931,1425,1115,1272,1595,3072,1654,6326,1736,2467,5276,2966,723,2533,389,2019,2931,2823,1541,110,1767,1564,2086,1707,2247,1349,2882,1402,704,1524,2205,2985,2034,3143,1010,2391,2199,4457,4939,2370,973,0,1301,807,1471,1301,2066,2404,506,550,6153,380,1531,2601,1091,1390,7069,212
2079,2340,5674,1474,880,4132,2937,1312,1189,1252,1543,3095,1641,6411,1756,2504,5404,3411,1115,2447,401,1666,2870,2757,1543,93,1526,1538,2054,1643,2186,1342,2973,1313,692,1649,2236,3111,1976,3054,1005,2189,2159,4407,4973,2609,998,2794,0,886,1342,1306,2242,2400,511,459,6192,373,1564,2615,1114,1411,6815,221
2021,2276,5765,1655,885,4164,2854,1353,1102,1199,1580,3184,1650,6954,1753,2354,5397,3056,1112,2462,377,1677,2805,2687,1790,105,1515,1477,2075,1541,2174,1365,2723,1383,818,1578,2266,3089,1962,2998,962,1906,2130,4670,5190,2471,1096,2662,1280,0,1402,1360,2214,2293,565,508,6174,421,1503,2498,1095,1475,6944,232
1931,2190,5841,1677,900,4406,2936,1357,1067,1130,1562,3164,1619,6531,1787,2608,5264,3043,1076,2645,393,2048,3005,2671,1727,123,1667,1552,2037,1553,2167,1368,2627,1334,718,1640,2238,3071,1965,2955,1045,2224,2149,4400,5101,2525,995,2616,1311,871,0,1284,2205,2260,436,528,6245,416,1398,2614,1017,1385,6971,207
1926,2249,5716,1498,904,4156,2955,1377,1237,1149,1668,2979,1658,6728,1781,2495,5246,3135,718,2390,386,2043,2877,2836,1562,129,1687,1662,2068,1609,2236,1299,2727,1509,617,1456,2195,3138,2047,3091,1252,2307,2222,4324,4928,2611,1025,2655,1319,799,1404,0,2253,2237,464,475,6028,337,1564,2615,1020,1521,6858,257
2004,2233,5742,1311,886,4159,2938,1402,1041,1187,1649,3363,1654,6682,1775,2499,5393,3043,861,2463,378,1790,3001,2814,1553,83,1703,1631,1761,1633,2229,1377,2612,1394,772,1465,2239,3043,2027,2959,960,2261,2220,4644,5002,2487,1382,2680,1292,841,1448,1402,0,2254,517,594,6218,348,1553,2554,1076,1381,6892,229
1987,2263,5592,1865,872,4188,2879,1415,1118,1095,1635,2931,1665,6502,1887,2389,5255,3007,810,2374,383,2036,3003,2737,1585,119,1720,1583,1970,1621,2210,1362,2709,1457,787,1566,2346,3011,2008,2982,1343,2508,2198,4282,4756,2660,1050,2668,1305,916,1415,1393,2277,0,474,636,5946,382,1571,2586,1001,1646,6632,275
1933,2214,5618,1783,881,4234,2901,1390,1134,1109,1740,3031,1628,6402,1758,2512,5390,3115,735,2574,375,2136,2741,2896,1635,144,2039,1648,2096,1573,2182,1244,2788,1505,629,1489,2220,3153,2011,2957,1042,2426,2213,4275,4984,2470,1011,2635,1326,879,1348,1499,2246,2228,0,495,5949,399,1492,2594,1055,1456,6762,264
1990,2267,5708,1682,903,4065,2927,1365,1235,1232,1705,3031,1584,6178,1709,2555,5407,3075,1248,2370,393,2062,3047,2977,1467,127,1792,1670,1845,1689,2152,1498,3017,1435,846,1549,2254,3089,1972,3001,1015,2032,2171,4252,4792,2610,1172,2725,1313,975,1274,1444,2185,2343,480,0,5910,363,1391,2581,1056,1431,6630,229
2043,2232,5114,1785,880,4141,2978,1439,1230,1111,1666,3040,1658,6121,1778,2501,5371,2970,750,2459,357,2168,3102,2752,1688,104,1769,1651,1936,1668,2235,1397,2605,1504,747,1360,2255,2996,2058,2899,1112,2453,2228,4465,4865,2688,991,2658,1308,781,1443,1434,2222,2306,595,463,0,379,1514,2586,1106,1794,7057,211
2052,2212,5587,1644,900,4244,2964,1413,1061,1102,1646,3135,1700,6418,1768,2497,5367,3030,1024,2495,389,2096,2858,2638,1597,125,1757,1581,1932,1666,2254,1125,2642,1451,673,1455,2273,3095,2085,3106,1059,2320,2249,4492,5052,2571,966,2735,1288,752,1393,1373,2196,2366,484,470,6227,0,1461,2586,1058,1398,6980,251
1992,2297,5583,1476,906,4006,3015,1372,1421,1090,1641,3061,1681,6655,1769,2504,5475,3400,731,2411,392,1826,2929,3055,1633,106,1723,1621,2052,1659,2237,1253,2710,1435,660,1463,2292,3142,2041,2952,1054,2260,2247,4376,4902,2580,1041,2734,1318,754,1293,1417,2124,2342,442,446,6038,381,0,2653,1052,1469,6834,221
1967,2232,5874,1666,898,4129,2920,1415,1159,1205,1580,3071,1658,6488,1725,2486,5256,3058,836,2433,370,1749,2883,2900,1609,89,1701,1505,2130,1667,2247,1395,2625,1392,751,1504,2179,3059,2025,3099,931,2296,2204,4412,4953,2404,1081,2649,1307,881,1411,1299,2480,2285,502,618,6168,342,1521,0,1036,1434,7204,171
1910,2157,5439,1773,888,4257,2994,1461,1201,1096,1649,2991,1706,6619,1784,2427,5093,2976,829,2429,356,2100,2982,2846,1611,161,1652,1605,2138,1670,2299,1358,2682,1480,746,1401,2258,3018,2083,3008,1187,2406,2259,4255,4809,2510,1085,2655,1303,835,1496,1423,2237,2273,509,570,5873,397,1482,2645,0,1543,7010,233
2137,2376,5501,1843,908,3926,2919,1408,920,1128,1777,2878,1616,6398,1853,2445,5593,3095,1144,2255,359,1857,2898,2876,1598,165,1814,1693,2046,1601,2247,1157,2754,1509,613,1566,2323,3129,2002,3063,1073,2482,2221,4286,4744,2619,1102,2777,1259,695,1345,1519,2281,2448,477,509,5784,335,1655,2635,1148,0,6540,238
1939,2238,5712,1347,912,4277,2942,1396,1407,1205,1639,3142,1654,6719,1763,2472,5292,3278,912,2514,368,1784,2896,3004,1593,107,1747,1567,2115,1693,2234,1391,2563,1404,764,1533,2234,2966,2015,3119,852,2064,2186,4391,5028,2484,1153,2640,1337,828,1373,1344,2039,2261,554,567,6104,390,1531,2606,1019,1425,0,209
1945,2225,5723,1368,901,4121,2869,1402,1372,1104,1502,2943,1669,6317,1743,2497,5111,3439,906,2404,417,1825,2839,2919,1567,155,1595,1520,2298,1714,2254,1453,3006,1383,830,1610,2214,3427,2047,3162,1266,2282,2224,4128,4771,2404,1140,2685,1308,980,1361,1349,2227,2311,508,653,5947,404,1399,2545,1011,1518,6700,0
