0,1850,919,617,214,81,1505,471,405,1097,2122,11123,1971,1362,971,952,4651,2198,1121,31,3182,1347,804,1110,780,2786,608,4446,1732,1569,2435,1288,1827,354,3233,1928,548,6506,206,586,1470,1286,2897,407,829,6026,27,879,446,135,1827,2369,822,1712,9996,2149,1886,2113,97,587,1884,1972,2166,2033
1268,0,1075,641,223,79,1557,468,441,1181,2082,11197,1903,1320,947,889,4879,2201,1092,90,3186,1260,759,1085,738,2759,629,4357,1685,1509,2427,1295,1793,484,3288,1858,622,6454,228,674,1388,1402,2676,428,802,5905,33,829,487,137,1724,2383,755,1730,10290,2175,1599,2120,149,563,1947,2144,2293,1954
1316,1841,0,646,213,72,1608,459,473,1128,2170,11290,2028,1380,1014,897,4750,2189,1169,47,3105,1338,757,1077,701,2758,582,4268,1652,1549,2478,1369,1796,394,3175,1941,579,6476,237,484,1478,1335,2697,471,767,5958,38,985,433,181,1827,2381,731,1644,10261,2134,1718,2285,98,536,1848,1970,2156,2039
1331,1758,943,0,188,72,1629,453,408,1169,2068,11363,1932,1284,1200,835,4588,2222,1141,58,3154,1303,834,1136,743,2747,589,4400,1674,1495,2566,1300,1790,381,3241,1873,593,6305,235,525,1366,1262,2941,383,806,5801,20,799,607,150,1721,2362,757,1755,10213,2185,2040,2374,143,547,1844,1854,2192,2015
1274,1745,945,744,0,56,1545,459,482,1139,2080,11318,1881,1363,1127,889,4677,2264,1115,83,3193,1342,711,1135,700,2575,541,4263,1802,1495,2564,1342,1743,410,3221,1856,655,6420,223,661,1478,1322,2957,437,753,5971,21,1161,417,148,1738,2384,752,1655,10228,1987,1691,2232,181,522,1831,1928,2263,1945
1335,1738,948,670,203,0,1563,469,501,1160,2053,11289,1977,1184,1271,845,4620,2240,1105,34,3241,1276,772,1186,795,2756,584,4116,1782,1498,2395,1194,1776,366,3270,1831,627,6320,272,644,1325,1162,2932,389,846,5844,15,899,478,310,1683,2451,720,1822,10187,2339,1864,2382,154,547,1825,1815,2314,2025
1165,1778,873,600,221,72,0,476,408,1207,2051,11224,1840,1328,1071,834,5013,2026,1140,55,3150,1220,742,1097,814,2647,493,4393,1636,1524,2446,1292,1811,422,3243,1852,528,6565,232,512,1334,1231,2967,391,844,6096,16,871,428,176,1684,2426,767,1681,10188,2142,1806,2438,110,572,1875,2218,2352,2039
1194,1821,964,581,206,74,1718,0,383,1137,2158,11298,1989,1316,1102,755,4604,2228,1058,25,3212,1361,748,1070,835,2698,565,4478,1617,1521,2449,1270,1736,341,3285,1915,593,6419,177,599,1384,1292,2949,449,814,5825,28,831,626,178,1799,2295,765,1740,10005,2254,2109,2385,163,555,1814,1973,2132,1981
1257,1777,909,645,165,74,1667,451,0,1289,2073,11306,1875,1129,1202,801,5161,2068,1058,66,3220,1292,733,1157,717,2584,466,4614,1638,1546,2505,1191,1749,397,3065,1870,540,6752,199,564,1285,1043,2763,393,670,6266,32,724,592,154,1698,2441,733,1659,10529,2108,1750,2332,109,530,1932,2074,2349,1960
1283,1788,918,635,230,66,1599,443,409,0,2091,11376,2057,1348,1087,843,4645,2285,1080,39,3295,1275,746,1099,663,2738,595,4244,1702,1558,2412,1280,1799,331,3380,1860,607,6414,197,632,1465,1294,2825,391,746,5925,25,896,412,139,1753,2347,738,1752,10216,2322,1764,2423,139,551,1869,1934,2189,2036
1259,1791,822,612,208,70,1774,464,459,1230,0,11260,2018,1331,1061,849,4706,2207,1106,69,3128,1261,720,1056,785,2783,647,4253,1666,1505,2462,1294,1773,365,3106,1888,602,6521,258,519,1426,1243,2719,415,810,5941,32,947,443,181,1729,2427,752,1644,10308,2367,1636,2437,100,567,1894,2106,2260,1940
1215,1776,913,630,218,70,1610,449,438,1415,2110,0,1874,1311,983,772,5021,2149,1111,58,3231,1287,677,1088,627,2573,555,4666,1721,1499,2716,1217,1791,372,3247,1884,583,6514,203,597,1350,1242,2791,404,742,5979,17,914,429,179,1717,2491,718,1625,10433,2064,1625,2188,133,549,1894,1975,2339,1957
1156,1757,922,556,199,73,1716,471,391,1070,2084,11239,0,1227,1020,849,5015,2184,1070,51,3177,1269,756,1041,694,2619,633,4798,1699,1484,2485,1221,1770,450,3206,1847,590,6751,235,647,1363,1208,2685,368,833,6173,15,859,483,109,1697,2388,745,1595,10291,2092,1859,2281,119,553,1947,2019,2321,1950
1178,1802,1072,623,204,63,1617,461,375,1104,2065,11266,1784,0,1073,871,4864,2184,1118,66,3140,1294,808,1072,685,2671,498,4367,1692,1524,2467,1318,1814,497,3300,1880,576,6623,243,548,1401,1289,2954,388,880,6155,21,913,425,194,1747,2377,722,1674,10223,2024,1738,2106,103,534,1878,2282,2210,1941
1362,1765,882,588,258,61,1651,476,429,1238,2107,11435,1849,1365,0,899,4755,2163,1146,72,3204,1264,787,1159,663,2770,503,4406,1716,1490,2429,1321,1761,334,3308,1859,628,6464,231,579,1500,1302,2869,432,741,5952,21,988,420,180,1773,2273,649,1703,10293,2082,1746,2311,139,540,1792,1999,2146,1991
1398,1729,1046,623,236,84,1691,454,440,1169,2037,11504,1806,1217,1108,0,5009,2177,1164,54,3134,1217,839,1142,582,2726,496,4665,1660,1515,2433,1232,1798,419,3222,1807,654,6683,251,495,1279,1070,2552,381,763,6169,14,804,639,170,1690,2349,683,1806,10496,2062,1670,2164,113,550,1866,1993,2217,1979
1199,1765,824,627,226,53,1708,469,385,1238,2033,11113,2128,1275,884,922,0,2178,1024,77,3251,1260,730,994,702,2512,584,4627,1757,1520,2445,1247,1795,469,3187,1834,536,6677,201,710,1273,1240,2836,400,896,6207,15,989,479,123,1659,2555,754,1595,10285,2250,1669,2310,113,600,1928,1987,2257,1905
1244,1725,993,603,177,80,1839,475,412,1202,2036,11234,2341,1267,1028,808,4599,0,1064,87,3122,1282,759,1116,919,2721,658,4388,1596,1492,2415,1265,1748,395,3082,1839,603,6553,204,504,1319,1187,2551,410,1025,5975,29,685,668,201,1698,2411,909,1777,10272,2460,1719,2432,154,585,1797,1889,2203,2011
1239,1724,855,644,188,73,1699,461,410,1181,2004,11364,1809,1309,1030,844,4811,2216,0,59,3240,1236,680,1033,625,2662,590,4473,1691,1488,2428,1299,1800,430,3479,1817,588,6823,214,620,1417,1320,2680,399,864,6242,34,982,507,142,1676,2390,951,1620,10317,2021,1565,2302,99,543,1805,2036,2264,1932
1188,1729,913,665,181,70,1769,482,428,1126,2015,11293,1969,1248,1195,730,4716,2255,1147,0,3129,1223,792,1033,744,2898,655,4307,1701,1499,2411,1225,1788,377,3199,1811,556,6630,227,527,1352,1242,2766,402,993,6055,11,879,530,137,1688,2300,776,1637,10451,2337,1683,2359,98,534,1824,2180,2172,1967
1238,1816,829,603,249,63,1833,451,423,1219,2122,11342,1876,1364,919,927,4620,2299,1072,53,0,1355,686,1007,683,2532,544,3998,1828,1525,2445,1283,1760,384,3280,1907,629,6368,255,918,1374,1330,3113,423,731,5882,40,1132,392,169,1773,2281,686,1578,10117,2352,1751,2456,103,550,1811,2184,2227,2062
1224,1750,904,670,239,81,1784,466,417,1132,2057,11333,1794,1262,1167,829,4666,2194,1098,43,3040,0,792,1078,690,2716,524,4327,1744,1485,2356,1208,1753,385,3314,1827,604,6607,274,718,1230,1305,2769,416,865,6159,28,901,436,151,1687,2272,898,1693,10389,2276,1829,2405,117,576,1873,2026,2318,1914
1271,1792,908,664,233,104,1694,451,444,1093,2060,11163,1950,1322,1323,868,4701,2168,1153,48,3078,1259,0,1089,666,2714,535,4477,1669,1516,2480,1288,1778,386,3195,1863,548,6578,257,501,1353,1260,2647,433,870,6024,24,818,470,189,1753,2352,750,1710,10372,2336,1672,2408,183,533,1850,1979,2258,1965
1290,1797,964,596,212,75,1831,450,398,1069,2068,11361,1986,1335,1421,849,4669,2212,1121,108,3231,1305,826,0,720,2678,581,4543,1719,1543,2374,1357,1742,362,3228,1876,593,6409,206,622,1448,1211,2570,427,867,5945,53,884,444,165,1739,2331,722,1694,10112,2135,1914,2431,103,540,1804,1874,2093,1970
1212,1823,926,605,174,77,1865,460,421,1265,2095,11209,2192,1243,759,856,4624,2263,1009,37,3217,1338,773,1135,0,2590,529,4239,1761,1564,2439,1218,1755,391,3196,1906,578,6381,205,799,1379,1264,3116,399,834,5939,23,970,404,160,1743,2315,697,1685,10161,2416,1898,2418,151,547,1852,1944,2181,1994
1232,1789,889,604,219,89,1841,470,474,1196,2068,11319,1845,1298,980,957,4671,2131,1099,119,3215,1254,691,1082,1024,0,562,4243,1680,1533,2434,1280,1777,338,3296,1875,666,6542,232,670,1383,1297,2876,421,787,6031,21,948,458,127,1720,2216,700,1676,10090,2372,1687,2423,90,552,1852,2045,2258,1946
1225,1789,925,613,214,74,1838,453,358,1133,2106,11358,1846,1301,1051,798,5023,2038,1084,67,3106,1270,752,1040,763,2517,0,4406,1558,1502,2731,1282,1762,410,3111,1865,594,6836,212,469,1360,1163,2566,390,825,6336,29,790,467,183,1730,2396,721,1687,10523,2053,1739,2222,126,530,1850,2341,2302,1973
1281,1793,944,656,192,67,1854,457,422,1202,2094,11326,2122,1216,1053,872,4571,2279,1085,38,3217,1339,804,1132,638,2509,564,0,1774,1565,2461,1273,1753,384,3215,1896,572,6492,257,612,1383,1190,2853,420,797,6059,26,976,403,131,1758,2216,714,1702,10421,2350,1817,2382,143,545,1846,1901,2151,1994
1239,1751,1088,606,175,64,1977,464,361,1115,2057,11223,2249,1293,1115,895,4613,2180,1148,60,3021,1293,763,1249,813,2547,563,4699,0,1523,2436,1267,1764,426,3110,1847,538,6446,214,550,1421,1260,2502,413,943,5966,22,800,491,200,1707,2383,800,1804,10332,2184,1708,2414,167,592,1880,1976,2030,1977
1211,1836,922,604,182,92,1975,464,341,1242,2114,11264,2272,1234,1205,872,4508,2213,1153,26,3089,1403,782,1132,780,2579,611,4333,1716,0,2440,1225,1762,392,2972,1914,511,6497,229,661,1373,1174,2677,397,907,6011,27,775,563,166,1771,2307,811,1743,10020,2478,1802,2419,158,580,1832,1881,2112,2018
1262,1803,907,584,218,83,1899,452,406,1130,2115,11305,1867,1302,1107,721,5033,2200,1068,62,3085,1308,766,1083,675,2687,508,4424,1655,1503,0,1255,1797,335,3059,1893,595,6634,214,559,1378,1159,2954,435,839,6105,35,988,439,144,1774,2277,650,1658,10393,2105,1784,2410,113,568,1895,1984,2257,1923
1146,1787,904,649,140,62,1889,460,333,1181,2074,11343,1824,1218,901,887,4790,2021,1124,27,3411,1285,710,1043,731,2614,587,4737,1535,1536,2477,0,1812,390,3157,1859,489,6965,221,471,1270,1233,2618,324,867,6456,10,717,474,189,1707,2351,758,1685,10387,2131,1746,2488,139,597,1864,2047,2211,2026
1210,1767,973,579,198,66,1964,467,386,1227,2046,11210,2021,1316,1127,788,4644,2099,1116,32,3179,1290,810,1114,750,2633,581,4496,1583,1500,2437,1301,0,399,3058,1846,546,6667,172,481,1356,1206,2643,400,970,6124,17,823,812,181,1709,2364,1076,1702,10289,2152,1744,2329,98,582,1853,2007,2121,1916
1250,1727,1051,638,240,77,1846,466,416,1185,2010,11391,1843,1308,1139,868,4689,2157,1111,42,3077,1225,736,1091,749,2664,441,4271,1693,1503,2411,1255,1784,0,3466,1819,618,6568,196,509,1298,1231,2841,422,839,6068,21,929,438,178,1660,2299,696,1781,10290,2385,1755,2573,124,561,1764,1945,2324,1977
1236,1723,1003,603,173,57,1785,467,410,1137,1980,11328,1879,1265,1010,823,4733,2172,1075,38,3136,1204,767,1113,699,2661,494,4585,1658,1488,2402,1219,1773,442,0,1780,573,6631,227,635,1253,1219,3021,388,861,6134,18,889,761,152,1665,2352,777,1675,10375,2112,1736,2524,111,563,1843,2051,2240,1985
1215,1738,887,666,246,102,1849,446,371,1195,2092,11369,1854,1343,880,862,4744,2121,1040,50,3177,1287,740,1083,689,2686,523,4680,1593,1523,2500,1246,1766,289,3159,0,586,6794,170,573,1431,1310,2613,393,904,6291,42,845,451,171,1719,2390,782,1731,10359,2344,1601,2370,104,550,1828,2079,2094,1898
1239,1746,929,603,238,69,1928,449,381,1145,2053,11346,1915,1360,1236,862,4824,2255,1077,50,3143,1272,808,1086,654,2683,552,4393,1703,1492,2424,1321,1733,380,3195,1834,0,6556,219,515,1416,1291,2828,407,843,6041,20,1009,438,157,1743,2205,684,1663,10062,2098,1903,2450,135,550,1819,2302,2035,1931
1207,1734,1001,622,192,50,1917,467,395,1285,2001,11245,1979,1267,991,773,5076,2038,1072,46,3211,1281,759,1083,756,2518,561,4740,1589,1498,2463,1288,1762,493,3023,1836,524,0,213,595,1337,1168,2732,410,923,6138,22,857,523,237,1688,2487,847,1651,10269,2072,1603,2503,151,585,1842,1989,2188,1915
1289,1747,990,606,246,63,1917,457,413,1159,2065,11375,1879,1250,1339,758,4764,2238,1105,63,3113,1268,746,1053,667,2562,531,4471,1744,1534,2427,1252,1766,385,3248,1853,573,6604,0,639,1349,1231,2758,420,813,6059,23,802,452,178,1733,2331,668,1658,10161,2123,1990,2506,119,544,1814,1965,2167,2070
1139,1779,885,540,209,57,1935,465,364,1209,2091,11276,1884,1274,1142,782,4969,2129,1100,60,3203,1330,779,1049,768,2530,616,4240,1667,1514,2446,1235,1761,417,3119,1898,561,6619,230,0,1350,1218,2874,414,980,6088,38,904,514,171,1752,2321,792,1573,10296,2100,1736,2363,100,566,1817,2410,2115,1934
1199,1799,1269,557,180,88,1890,457,376,1122,2085,11416,1885,1338,951,919,4566,2088,1124,38,3142,1285,777,1115,742,2602,565,4487,1638,1514,2435,1297,1729,445,3255,1882,507,6663,217,592,0,1287,2833,392,948,6186,18,844,470,153,1722,2238,726,1684,10214,2065,1832,2476,118,563,1796,2091,2089,2015
1207,1784,935,595,221,72,1934,463,444,1169,2075,11305,1891,1304,968,808,4567,2257,1044,33,3135,1303,771,1068,821,2716,602,4154,1719,1550,2439,1262,1793,402,3426,1891,615,6533,210,628,1455,0,3005,409,937,6081,15,974,573,127,1739,2353,770,1667,10071,2349,1569,2315,163,607,1792,2043,2016,1919
1271,1731,1005,631,163,80,1971,457,390,1145,2033,11356,1883,1225,1146,856,4727,2086,1128,40,3116,1254,732,1141,751,2581,554,4572,1623,1469,2448,1274,1735,436,3069,1799,606,6732,214,646,1310,1222,0,379,913,6210,23,836,537,186,1668,2442,1026,1725,10414,2110,1644,2544,132,514,1804,2130,2056,1988
1209,1774,985,604,181,76,2008,451,405,1158,2026,11323,2028,1276,1038,807,4512,2095,1041,37,3228,1296,731,1035,904,2581,590,4405,1588,1516,2473,1300,1765,384,3074,1850,544,6583,237,591,1357,1217,2737,0,943,6060,17,773,772,148,1737,2244,812,1595,10313,2147,1838,2404,118,582,1889,2374,2172,1944
1204,1755,970,626,208,75,1979,474,379,1284,2053,11421,1951,1330,917,838,4849,2179,1084,64,3167,1274,755,979,776,2577,453,4132,1693,1496,2711,1308,1755,356,3175,1833,578,6684,228,561,1396,1306,2836,394,0,6177,28,992,458,192,1717,2265,699,1585,10336,2084,1651,2521,125,561,1813,2088,2169,1984
1319,1748,1064,596,264,64,1975,468,464,1224,2003,11385,1991,1322,1121,870,4325,2281,1144,73,3221,1240,747,1095,786,2728,607,4012,1721,1479,2626,1266,1690,370,3179,1825,633,6283,227,677,1353,1336,2726,456,988,0,32,948,582,213,1648,2283,730,1703,10158,2463,1704,2517,95,568,1784,1894,2183,2002
1182,1728,890,605,191,99,2028,465,368,1198,2010,11200,1939,1276,852,807,4878,2106,1100,86,3157,1274,727,1013,738,2612,611,4728,1577,1501,2448,1239,1727,509,3163,1813,561,6798,208,524,1289,1196,2771,416,1017,6243,0,789,613,177,1668,2444,1054,1630,10184,2125,1616,2206,131,619,1887,2201,2134,1929
1177,1730,968,632,203,84,2010,463,413,1147,2031,11229,1977,1271,1103,779,4706,2055,1085,31,3094,1274,715,1077,766,2510,568,4264,1537,1508,2465,1230,1763,417,2912,1815,568,6702,252,528,1294,1506,2870,354,954,6260,15,0,850,151,1645,2392,826,1729,10237,2070,2062,2486,102,573,1843,2037,2203,1912
1187,1742,991,613,192,79,2001,470,356,1172,2039,11447,2137,1233,1090,805,4815,2089,1164,89,3106,1199,772,1150,726,2616,488,4306,1615,1517,2421,1194,1773,368,3157,1809,613,6694,228,444,1305,1377,2516,372,985,6157,24,824,0,186,1647,2380,704,1715,10560,2373,1520,2431,75,569,1846,2157,2319,1901
1253,1729,940,617,223,94,1991,465,417,1090,2009,11426,1862,1176,999,895,5099,2077,1086,100,3020,1207,739,1051,715,2526,605,4709,1594,1494,2342,1175,1731,464,3156,1793,589,6876,210,600,1229,1223,2594,385,983,6345,20,881,624,0,1664,2420,1029,1586,10328,2079,1546,2231,110,578,1846,2101,2281,1917
1173,1717,918,678,183,83,1969,453,418,1049,1993,11342,1864,1284,937,800,5101,2023,1055,35,3148,1221,745,998,701,2725,616,4777,1554,1470,2439,1273,1765,459,3196,1777,576,6883,213,555,1354,1244,2640,374,1003,6413,24,772,626,158,0,2494,721,1587,10537,2023,1544,2360,115,519,1867,2151,2137,1875
1113,1759,885,679,176,69,1994,454,339,1094,2014,11418,1815,1265,1157,741,4644,2248,1046,42,3177,1235,688,978,724,2488,553,4612,1695,1512,2450,1231,1760,334,3238,1829,533,6710,207,631,1350,1341,3023,394,905,6200,19,957,436,151,1683,0,745,1536,10223,2405,1842,2419,125,538,1834,2111,2226,1983
1181,1731,967,647,202,71,1968,464,361,1133,2021,11364,1930,1303,1085,830,5034,2061,1126,42,3095,1256,761,1052,798,2595,590,4575,1632,1471,2672,1276,1774,382,3063,1831,578,6611,221,499,1428,1306,2692,389,988,6098,18,920,478,135,1668,2423,0,1624,10364,2081,1853,2090,135,565,1807,2120,2196,1906
1209,1755,975,581,209,92,2040,453,423,1119,2035,11169,1834,1291,1089,825,4730,2237,1046,60,3138,1292,740,1028,672,2625,649,4119,1742,1518,2537,1270,1738,418,3193,1829,599,6569,281,673,1342,1281,3028,445,983,6070,26,925,501,150,1697,2623,781,0,10142,2065,1930,2375,143,566,1807,2056,2052,1908
1184,1752,889,655,220,51,1950,454,411,1107,2038,11424,1846,1344,1022,923,4906,2169,1133,46,3008,1271,733,986,633,2707,547,4426,1632,1468,2428,1290,1730,423,3241,1830,592,6719,179,628,1428,1348,2890,424,860,6214,34,926,503,160,1706,2283,658,1578,0,2032,1875,2563,154,554,1826,2066,2055,2021
1215,1736,1009,601,204,78,2043,466,427,1148,2010,11328,2042,1343,926,799,4529,2152,1075,42,3085,1228,711,1035,732,2726,607,4277,1592,1494,2393,1240,1761,381,3405,1792,567,6627,204,580,1401,1278,2754,436,1052,6029,32,834,612,152,1656,2345,758,1693,10207,0,1697,2519,103,561,1834,2102,2140,1941
1234,1788,1299,577,188,83,2042,463,328,1184,2091,11260,1864,1374,1005,905,4628,2113,1157,81,3146,1352,791,1110,708,2484,605,4253,1608,1518,2509,1354,1752,479,3402,1868,565,6549,198,576,1424,1268,2564,402,900,6083,21,899,452,190,1752,2289,736,1653,10379,2048,0,2368,118,547,1870,2085,2165,1824
1176,1802,936,651,224,55,1901,468,437,1129,2092,11502,1725,1358,1018,779,4776,2075,1091,63,3160,1298,720,1041,910,2527,477,4294,1573,1506,2435,1380,1752,411,3186,1871,660,6802,166,590,1403,1329,2561,413,904,6318,24,886,400,123,1748,2306,650,1654,10570,2307,1534,0,122,540,1869,2119,2219,1890
1163,1766,999,600,218,71,2062,445,427,1130,2054,11339,2204,1287,1060,821,4688,2086,1078,82,3009,1236,755,1040,666,2493,514,4179,1607,1539,2463,1303,1810,421,3050,1843,560,6673,198,560,1394,1191,2888,400,855,6103,19,915,534,191,1717,2296,732,1585,10211,2474,1831,2532,0,559,1887,2182,2232,1977
1183,1768,1037,646,187,66,2081,462,399,1150,2072,11306,1885,1256,1112,758,4656,2061,1114,48,3198,1296,763,1048,826,2600,525,4533,1558,1489,2414,1227,1730,395,3089,1843,536,6896,212,520,1298,1213,2603,384,957,6326,18,788,779,178,1708,2344,716,1613,10490,2103,1605,2548,103,0,1828,2119,2212,1909
1156,1783,999,578,171,64,1980,457,358,1119,2074,11426,1857,1257,1239,712,4862,2089,1127,69,3116,1350,751,1058,635,2496,567,4350,1630,1560,2486,1288,1761,387,3099,1880,522,6780,215,590,1412,1210,2528,398,957,6332,26,825,528,169,1773,2381,1071,1603,10280,2102,1771,2484,105,534,0,2048,2076,1942
1299,1781,946,603,241,74,2002,470,402,1074,1996,11519,1740,1360,1001,888,4582,2264,1075,32,2980,1282,768,1141,579,2462,428,4433,1723,1546,2433,1357,1774,335,3110,1832,546,6643,247,655,1384,1299,2938,404,866,6194,31,1046,392,145,1700,2198,635,1779,10364,2308,1911,2493,116,554,1811,0,2153,1977
1150,1772,1034,646,191,55,2094,481,395,1189,2044,11281,2194,1251,893,761,4797,2022,1101,77,3050,1269,720,1086,766,2604,521,4290,1561,1523,2517,1289,1777,396,2897,1839,527,6822,188,488,1290,1242,2769,390,1000,6283,20,912,494,180,1685,2329,758,1721,10480,2371,1660,2447,87,566,1837,2118,0,1907
1072,1802,1054,584,222,88,2090,461,398,1135,2056,11202,1922,1249,1032,792,4584,2038,1149,38,3125,1274,684,1070,706,2652,622,4570,1547,1538,2434,1194,1741,427,3224,1864,570,6700,195,662,1263,1246,2528,405,1024,6228,36,748,573,137,1699,2362,788,1643,10214,2461,1699,2666,151,558,1821,2019,2264,0
